Startdatum,Starttid,Slutdatum,Sluttid,Aktivitet,Grupp,kurskod,Lokal,Info,Personal,Program/klass 
2023-08-15,09:00,2023-08-15,14:00,Tentamen,,,Fl-Projektrum 1,HF1006 TEN2,Joanna Selington,
2023-08-17,09:00,2023-08-17,13:00,Tentamen,,,"FA31, FA32",Omtentamen Basåret,,
2023-08-18,08:00,2023-08-18,13:00,Tentamen,SK1140 Helklass,SK1140,FB52,,Niklas Sandström,CMETE2
2023-08-19,09:00,2023-08-19,14:00,Tentamen,,,"FP21, FP22",,,
2023-08-21,08:00,2023-08-21,13:00,Tentamen,,,"FP21, FP22",,,
2023-08-21,09:00,2023-08-21,17:00,Tentamen,,SK2760,,,Muhammet Toprak,TNTEM1-NTEA
2023-08-22,08:00,2023-08-22,13:00,Tentamen,,,"FP21, FP22",,,
2023-08-23,08:00,2023-08-23,13:00,Tentamen,,,"FP22, FP41",,,
2023-08-23,13:00,2023-08-23,17:00,Tentamen,,,E31,,Erika Porander,
2023-08-24,08:00,2023-08-24,13:00,Tentamen,,,"FP21, FP22",,,
2023-08-25,08:00,2023-08-25,12:00,Tentamen,,AF1760,U41,,Robert Algervik,"TIBYH0, TIBYH1, TITEH0, TITEH1-TIBY"
2023-08-25,08:00,2023-08-25,11:00,Tentamen,,SF0003,,Hemtentamen,,"CINTE0, TCOMK0, TIDAB0, TIEDB0"
2023-08-25,08:00,2023-08-25,13:00,Tentamen,,,"FP22, FP41",,,
2023-08-26,14:00,2023-08-26,17:00,Tentamen,,,FR4 (Oskar Kleins auditorium),tentamen AS1011,,
2023-08-31,13:00,2023-08-31,16:00,Tentamen,,Kurs II: Vetenskap och vårdande,,"DISTANSTENTAMEN ,VK-23. OBS! För tidigare terminer gäller skrivtiden kl.13-15.",Sofi  Knaust-Lidén,
2023-09-01,15:00,2023-09-01,16:00,Tentamen,,Kurs II: Vetenskap och vårdande,"T1 (Emmy Rappesalen), T51 (Henri Dunantsalen), T52 (Jean Pictetsalen)","Gäller endast VK23, HK22, VK-22, HK-21, VK-21 och HK-20",Sara Stridh,
2023-09-04,09:00,2023-09-04,12:00,Tentamen,,Kurs VIII:Fördjupning i omvårdnad och förbättringskunskap,"T5, T51 (Henri Dunantsalen)",VK-21 gr A. Ej omtentamen.,Charlotta Tegnestedt,
2023-09-04,15:00,2023-09-04,16:00,www.kth.se/form/libraryfair4sep,,,,,,
2023-09-06,16:00,2023-09-06,17:00,www.kth.se/form/libraryfair6sep,,,,,,
2023-09-18,08:00,2023-09-18,11:00,Tentamen,,SK1151,"FB42, FB52, FB53, FD41",TENM,Jonas Weissenrieder,CTKEM2
2023-09-20,09:00,2023-09-20,11:30,Tentamen,,Kurs III: Global omvårdnad och ohälsa,"T1 (Emmy Rappesalen), T5, T51 (Henri Dunantsalen), T52 (Jean Pictetsalen)",HK-22. Gäller även tidigare terminer,Sara Stridh,
2023-09-22,13:00,2023-09-22,15:00,Tentamen,,Kurs III: Global omvårdnad och ohälsa,"T51 (Henri Dunantsalen), T52 (Jean Pictetsalen)",HK-22 gr B. Gäller även tidigare terminer,Stephanie Paillard-Borg,
2023-09-25,08:00,2023-09-25,17:00,Tentamen,,HI1031,Fl-Projektrum 1,Muntlig tentamen,"Anders Lindström, Reine Bergström","TIDAA3, TIDAB3-SAIN, TITEH3-TIDA, TITEH3-TIDB"
2023-09-26,08:00,2023-09-26,17:00,Tentamen,,HI1031,Fl-Projektrum 1,Muntlig tentamen,"Anders Lindström, Reine Bergström","TIDAA3, TIDAB3-SAIN, TITEH3-TIDA, TITEH3-TIDB"
2023-09-27,08:00,2023-09-27,13:00,Tentamen,,,FA32,FK5015,,
2023-09-29,09:00,2023-09-29,12:00,Tentamen,,Kurs II: Vetenskap och vårdande,"T5, T51 (Henri Dunantsalen), T52 (Jean Pictetsalen)",VK-23 gr C och D. Gäller även tidigare terminer.,Sara Stridh,
2023-09-29,09:00,2023-09-29,12:00,Tentamen,,Kurs II: Vetenskap och vårdande,T6,VK-23 gr B. Gäller även tidigare terminer.,Sara Stridh,
2023-10-06,10:00,2023-10-06,11:30,Tentamen,,Kurs IV: Vetenskap och hälsoarbete,,"DISTANSTENTAMEN I CANVAS,OBS! Ej anmälan i Ladok.",Maria Christidis,
2023-10-06,13:00,2023-10-06,15:00,Tentamen,,Kurs IV: Vetenskap och hälsoarbete,T5,VK-22 gr A. Gäller även tidigare terminer.,Gabriella Ahlenius,
2023-10-09,09:00,2023-10-09,15:00,Tentamen,,,"FB52, FB53, FB54",Optik 1,"Linda Lundström, Peter Unsbo",
2023-10-11,09:00,2023-10-11,12:00,Tentamen,AI234U Helklass,AI234U,XW343,,"Bo Söderberg, Henry Muyingo",
2023-10-13,09:00,2023-10-13,12:00,Tentamen,,Kurs I: Omvårdnad och hälsa,"T1 (Emmy Rappesalen), T5, T51 (Henri Dunantsalen), T52 (Jean Pictetsalen)","HK-23. Gäller även VK23, HK22, VK-22 och HK-21, men inte äldre terminer.",Miguel Diaz,
2023-10-16,08:00,2023-10-16,17:00,Eget arbete,,,,,,
2023-10-17,08:00,2023-10-17,13:00,Tentamen,,,"FA32, FB42",FK4026,,
2023-10-17,08:00,2023-10-17,17:00,Eget arbete,,,,,,
2023-10-18,08:00,2023-10-18,17:00,Eget arbete,,,,,,
2023-10-19,08:00,2023-10-19,12:00,Tentamen,AE2401 Helklass,AE2401,"K51, K53",,,TMHIM2
2023-10-19,08:00,2023-10-19,12:00,Tentamen,AI1170 Helklass,AI1170,"U41, U51, U61",,,"TFAFK3, TFOFK3"
2023-10-19,08:00,2023-10-19,13:00,Tentamen,AI1517 Helklass,AI1517,"U21, U31",,Jonny Flodin,CSAMH3-FEFJ
2023-10-19,08:00,2023-10-19,12:00,Tentamen,AI2127 Helklass,AI2127,"E31, E33, E34, E35, E53",,,TFOBM2
2023-10-19,08:00,2023-10-19,12:00,Tentamen,AI2152 Helklass,AI2152,Digital,,,TFOBM1
2023-10-19,08:00,2023-10-19,13:00,Tentamen,EL2850 Helklass,EL2850,"E51, E52",,Henrik Sandberg,"TCYSM1, TCYSM2"
2023-10-19,08:00,2023-10-19,12:00,Tentamen,MF2043 Helklass,MF2043,"Q13, Q21, Q22, Q24, Q26",,Andreas Cronhjort,"TEBSM1-INSR, TFORM1, TFORM2, TIDTM1, TIPUM1-IPUC, TSCRM1, TSCRM2"
2023-10-19,08:00,2023-10-19,13:00,Tentamen,MF2072 Helklass,MF2072,"L51, L52","Hemtenta via Canvas följt,av muntlig examination.",Ulf Olofsson,"TIPDM2-IPDC, TIPUM2-IPUB"
2023-10-19,08:00,2023-10-19,13:00,Tentamen,"MJ2627 Helklass, MJ2629 Helklass","MJ2627, MJ2629",,,,"CENMI3-HSS, CENMI3-ITH, CENMI3-KEM, CENMI3-MES, CENMI3-MHI, CENMI3-RENE, CENMI3-SMCS, CENMI3-SUE, CENMI3-SUT, CLGYM4-TEMI, CLGYM5-TEMI"
2023-10-19,08:00,2023-10-19,13:00,Tentamen,SE2137 Helklass,SE2137,"Q15, Q17",,Rami Mansour,"CDEPR4-INE, CMAST4-INE, CMAST4-MTH, CMAST4-SUT, TTEMM1, TTEMM2"
2023-10-19,08:00,2023-10-19,12:00,Tentamen,,AF1757,"V34, V35, W25, W37, W38, W42, W43",,"Thomas Johansson, Åsa Stina Carolina Skoglund","TIBYH2-B, TITEH2-TIBY"
2023-10-19,08:00,2023-10-19,12:00,Tentamen,,CB2442,"FB42, FB51, FR4 (Oskar Kleins auditorium)",,,"TDTNM2, TIMBM1-CBPB, TIMBM1-ENBT, TIMBM1-ENZT, TMBIM1, TTFYM2-TFYE"
2023-10-19,08:00,2023-10-19,12:00,Tentamen,,ED2240,,,,TEFRM2-PLA
2023-10-19,08:00,2023-10-19,13:00,Tentamen,,EJ2301,"D32, D33, D34, D35, D41",,Hans-Peter Nee,"TELPM1, TIETM1-SENS, TIETM1-SMCS, TIETM2-RENE"
2023-10-19,08:00,2023-10-19,13:00,Tentamen,,EL1020,"Q31, Q33, Q34, Q36",,,"CELTE3, CENMI3-ELP, CENMI3-HSS, CENMI3-ITH, CENMI3-KEM, CENMI3-MES, CENMI3-MHI, CENMI3-RENE, CENMI3-SENS, CENMI3-SMCS, CENMI3-SUE, CENMI3-SUT, CINTE3, TEBSM1-INSR"
2023-10-19,08:00,2023-10-19,12:00,Tentamen,,HI1032,"T63 (Theorellsalen), T67",,Martin Jakobsson,"TIDAA3, TIELA3, TITEH3-TIDA, TITEH3-TIEL"
2023-10-19,08:00,2023-10-19,12:00,Tentamen,,HL2005,T55 (Brånemarksalen),,Tobias Nyberg,"TITEH3-METL, TMLEM2-ELEK"
2023-10-19,08:00,2023-10-19,12:00,Tentamen,,IX1501,"Ka-205, Ka-208, Ka-303, Ka-304",,Ki Won Sung,"TIDAB3-DPU2, TIDAB3-SAIN, TIEDB3, TITEH3-TIDB, TITEH3-TIED"
2023-10-19,08:00,2023-10-19,12:00,Tentamen,,ML1615,Digital,"TEN1,Digital hemtentamen.",Noureddine Khayi,TIIPS3
2023-10-19,08:00,2023-10-19,12:00,Tentamen,,SD2415,Hugin,Muntlig examination,Malin Åkermo,TAEEM2-LKR
2023-10-19,08:00,2023-10-19,13:00,Tentamen,,SH2306,FA32,,Bo Cederwall,"TTFYM1-TFYB, TTFYM2-TFYB"
2023-10-19,08:00,2023-10-19,13:00,Tentamen,,SI2510,"FA31, FD41",,,TTFYM1-TFYA
2023-10-19,08:00,2023-10-19,12:00,Tentamen,,SK2303,"FB54, FB55",,,"CLGYM4-MAFY, CLGYM5-MAFY, TEFRM2-PHS, TTFYM1-TFYE, TTFYM1-TFYF, TTFYM2-TFYE"
2023-10-19,08:00,2023-10-19,22:00,Tentamen,,8XFUNKA,"B21, B22, B23, B24, B25, B26, D36 (Gamla styrelserummet), D4448, Merry, Pippin",,,
2023-10-19,13:00,2023-10-19,19:00,Tentamen,,8XFUNKA,"L21, L22, L52",,Yasmine Boudali,
2023-10-19,13:00,2023-10-19,14:00,Tentadag,,,,,,
2023-10-19,14:00,2023-10-19,16:00,Tentamen,DD2366 Helklass,DD2366,"M32, M35, M36",,Erik Aurell,"TCSCM2-CSSC, TCSCM2-CSTC"
2023-10-19,14:00,2023-10-19,18:00,Tentamen,,"CB2020, CB2021","FA31, FA32, FB42, FB51, FB54, FD41",,Cecilia Williams,"TIMBM2-CBPB, TIMBM2-ENBT, TIMBM2-ENZB, TMBIM2, TMTLM2"
2023-10-19,14:00,2023-10-19,17:00,Tentamen,,"SF1625, SF1625, SF1625","K51, K53, Q11, Q13, Q15, Q17, Q21, Q22, Q24, Q26, Q31, Q33, Q34, Q36, U21, W25, W37, W38, W42, W43",,,"CELTE1, CINEK1, CITEH1, CMETE1, COPEN1"
2023-10-19,14:00,2023-10-19,17:00,Tentamen,,"SF1625, SF1625","U31, U41, U51, V01, V11, V12, V21, V22, V23, V32, V33, V34, V35",,,"CLGYM2-MAKE, CMATD1, CMEDT1, CSAMH1, CTKEM1"
2023-10-19,14:00,2023-10-19,19:00,Tentamen,,SI1146,"FB55, FD5, FP22, M1, M31, M37, M38","Samtenta med SI1140, del 1.",Edwin Langmann,"CLGYM3-MAFY, CTFYS2"
2023-10-20,08:00,2023-10-20,12:00,Tentamen,AF1301 Helklass,AF1301,"U31, U41, U51",,,CSAMH3-BBP
2023-10-20,08:00,2023-10-20,12:00,Tentamen,AF2609 Helklass,AF2609,"Q15, Q17, Q21, Q22",,,TCAEM1
2023-10-20,08:00,2023-10-20,12:00,Tentamen,DD2435 Helklass,DD2435,M2,,Erik Fransén,"TCSCM2-CSSC, TDTNM2, TMAIM1, TMAIM2, TSCRM2, TTMAM1, TTMAM2"
2023-10-20,08:00,2023-10-20,12:00,Tentamen,MF1040 Helklass,MF1040,"M31, M32, M35, M36, M37, M38",,,"CDEPR3, CDEPR3-AEE, CDEPR3-FOR, CDEPR3-INE, CDEPR3-IPDC, CDEPR3-IPDE, CDEPR3-IPUB, CDEPR3-IPUC, CDEPR3-MRS, CDEPR3-PRM, CDEPR3-SUE, CDEPR3-TEMA, CDEPR3-TEMB, CDEPR3-TEMC"
2023-10-20,08:00,2023-10-20,13:00,Tentamen,MH2017 Helklass,MH2017,V21,,Annika Borgenstam,"TTMVM1-MDNA, TTMVM1-SUMA"
2023-10-20,08:00,2023-10-20,12:00,Tentamen,MJ2462 Helklass,MJ2462,"M23, M24",,Jörgen Wallin,TMESM2
2023-10-20,08:00,2023-10-20,12:00,Tentamen,,AF1763,"V01, V11, V12, W25, W37, W38, W42, W43",,Robert Algervik,"TIBYH1-A, TIBYH1-B, TIBYH1-C, TITEH1-TIBY"
2023-10-20,08:00,2023-10-20,13:00,Tentamen,,AH2029,"Q11, Q13",,,"TFORM2-FORB, TINNM1, TTGTM2"
2023-10-20,08:00,2023-10-20,13:00,Tentamen,,EL2700,Q1,,,"TEBSM1-INSR, TELPM1, TFORM1, TFORM2, TSCRM1, TSCRM1-RASM, TSCRM2, TSCRM2-LDCS, TSCRM2-RASM"
2023-10-20,08:00,2023-10-20,13:00,Tentamen,,"EP2700, EP270V",B1,,Carlo Fischione,"TINNM1, TINNM2"
2023-10-20,08:00,2023-10-20,13:00,Tentamen,,EQ2415,"K1, K53",,,"TEBSM2-INMV, TINNM2, TINNM2-INF, TINNM2-MMB, TIVNM2-VCCN"
2023-10-20,08:00,2023-10-20,12:00,Tentamen,,KH1212,"M33, U21",,Abbas Jorjani,"TIKED2, TITEH2-TIKE"
2023-10-20,08:00,2023-10-20,12:00,Tentamen,,ME1309,"V22, V23, V32, V33, V34, V35",,Christian Thomann,"CINEK2-DTOI, CINEK2-EHUI, CINEK2-PPUI, CINEK2-TMAI"
2023-10-20,08:00,2023-10-20,12:00,Tentamen,,ML0025,"C1 (Casesal), C41",TENA,Oswald Fogelklou,"TBASE1, TBTMS1"
2023-10-20,08:00,2023-10-20,13:00,Tentamen,,SF1673,"Q24, Q26, Q31, Q33, Q34, Q36",,,"CLGYM2-MAFY, CTFYS1, CTMAT1"
2023-10-20,08:00,2023-10-20,13:00,Tentamen,,SF1688,"D32, D33, D34, D35, D41, D42, E31, E33, E34",,,CDATE3
2023-10-20,08:00,2023-10-20,13:00,Tentamen,,SF2719,"E52, E53, H1",,,"CLGYM5-MAFY, CLGYM5-MAKE, CLGYM5-TEMI, CLGYM5-TIKT, TMAKM1"
2023-10-20,08:00,2023-10-20,13:00,Tentamen,,SF2725,"E36, E51",,,TMAKM1
2023-10-20,08:00,2023-10-20,13:00,Tentamen,,SH2603,"FB54, FD41, FP41",,Torbjörn Bäck,"TIETM1-NUEY, TNEEM1"
2023-10-20,08:00,2023-10-20,13:00,Tentamen,,SK2772,"FB51, FB53, FB55",MUNTA,Muhammet Toprak,TNTEM1
2023-10-20,08:00,2023-10-20,12:00,Tentamen,,"HF0025, TB0015","T53 (Hertzsalen), T54 (Elmqvistsalen), T55 (Brånemarksalen), T63 (Theorellsalen)",TENA,"Staffan Linnaeus, Stefan Eriksson","TBASA-2D, TBASA-2E"
2023-10-20,08:00,2023-10-20,22:00,Tentamen,,8XFUNKA,"B21, B22, B23, B24, B25, B26, D36 (Gamla styrelserummet), D4448, Merry, Pippin",,,
2023-10-20,08:00,2023-10-20,13:00,Tentamen,,,"FA31, FA32, FP21, FP22, FR4 (Oskar Kleins auditorium)",FK3014,,
2023-10-20,08:00,2023-10-20,14:00,Tentamen,,,T67,FUNKA,"Joanna Selington, Staffan Linnaeus",
2023-10-20,09:00,2023-10-20,13:00,Tentamen,AE1106 Helklass,AE1106,Butter,,,"CENMI3-HSS, CENMI3-ITH, CENMI3-KEM, CENMI3-MES, CENMI3-MHI, CENMI3-RENE, CENMI3-SMCS, CENMI3-SUE, CENMI3-SUT"
2023-10-20,09:00,2023-10-20,13:00,Tentamen,MF2046 Helklass,MF2046,"Baltzar, Christopher, Nils, XW344",,"Jennie Björk, Mats Magnusson","TIPDM1-IPDE, TTMVM2-IMTA, TTMVM2-MDNA, TTMVM2-SUMA"
2023-10-20,09:00,2023-10-20,13:00,Tentamen,,ID2201,"Ka-206, Ka-209, Ka-309",,,"CINTE3, TEBSM1-INMV, TEBSM2-INMV, TEBSM2-INPF, TSEDM1"
2023-10-20,09:00,2023-10-20,13:00,Tentamen,,ML1332,"C30, C45, C46",DEX1,Mark Lange,"TIMAS3-SIOD, TITEH3-TIMA"
2023-10-20,13:00,2023-10-20,14:00,Tentadag,,,,,,
2023-10-20,14:00,2023-10-20,16:00,Tentamen,DD2257 Helklass,DD2257,"Q33, Q34, Q36",,Tino Weinkauf,"TCSCM2-CSDA, TCSCM2-CSSC, TCSCM2-CSVG, TDTNM1, TIEMM1-IAVN, TIEMM1-MAIG, TIMTM1, TIMTM2, TIVNM1-DASC, TIVNM1-DASE, TIVNM1-VCCN, TIVNM2-DASC, TIVNM2-DASE, TMAIM1, TMAIM2, TTMAM1, TTMAM2"
2023-10-20,14:00,2023-10-20,17:00,Tentamen,DD2437 Helklass,DD2437,"V32, V34, W25, W37, W38",,,"TCSCM2-CSCS, TCSCM2-CSDA, TCSCM2-CSSC, TCYSM1, TCYSM2"
2023-10-20,14:00,2023-10-20,17:00,Tentamen,MJ2523 Helklass,MJ2523,"Butter, Kloker, Trötter",,,"TAEEM2-FLT, TIETM2-RENE, TSUEM2"
2023-10-20,14:00,2023-10-20,18:00,Tentamen,ML1000 Helklass,ML1000,"Black Box, C1 (Casesal), C33, C36, C37, C38, C43, C44",TENA/TEN1,Joel Norman,"TIIPS1, TIMAS1, TITEH1-TIMA"
2023-10-23,08:00,2023-10-23,13:00,Tentamen,"AE1105 Helklass, AE1801 Helklass","AE1105, AE1801",W25,,,"CENMI3-HSS, CENMI3-ITH, CENMI3-KEM, CENMI3-MES, CENMI3-MHI, CENMI3-RENE, CENMI3-SMCS, CENMI3-SUE, CENMI3-SUT, CLGYM4-TEMI, CLGYM5-TEMI, CSAMH3-MHI"
2023-10-23,08:00,2023-10-23,12:00,Tentamen,AF2404 Helklass,AF2404,W42,,,TCAEM2
2023-10-23,08:00,2023-10-23,12:00,Tentamen,AG1818 Helklass,"AG1818, AG1818",U61,,Mohammad Bagherbandi,CSAMH3-GIT
2023-10-23,08:00,2023-10-23,12:00,Tentamen,AI1144 Helklass,AI1144,Digital,,,"TFAFK2, TFOFK2"
2023-10-23,08:00,2023-10-23,12:00,Tentamen,KH1111 Helklass,KH1111,"Q21, W43",TENA,Abbas Jorjani,"TIKED1, TITEH1-TIKE"
2023-10-23,08:00,2023-10-23,13:00,Tentamen,MH2029 Helklass,MH2029,Blå,,"Andrey Karasev, Pär Jönsson","TTMVM1-MDNA, TTMVM1-SUMA"
2023-10-23,08:00,2023-10-23,12:00,Tentamen,,AF1737,Digital,,"Alicja Tykocka Ström, Gunilla Teofilusson","TIBYH1-A, TIBYH1-B, TIBYH1-C, TITEH1-TIBY"
2023-10-23,08:00,2023-10-23,13:00,Tentamen,,CK2130,"E52, K53",,,"TKEMM1, TMMMM1"
2023-10-23,08:00,2023-10-23,13:00,Tentamen,,ED1110,"U21, U31, U41, U51",,,"CELTE2, CENMI3-ELP, CENMI3-HSS, CENMI3-ITH, CENMI3-KEM, CENMI3-MES, CENMI3-MHI, CENMI3-RENE, CENMI3-SENS, CENMI3-SMCS, CENMI3-SUE, CENMI3-SUT"
2023-10-23,08:00,2023-10-23,12:00,Tentamen,,EF2240,"L51, L52",,,"CLGYM4-MAFY, CLGYM5-MAFY, TAEEM2-RMD, TEFRM2-PLA, TEFRM2-SPA"
2023-10-23,08:00,2023-10-23,12:00,Tentamen,,EI1360,B2,,Nathaniel Taylor,"TIELA3, TITEH3-TIEL"
2023-10-23,08:00,2023-10-23,12:00,Tentamen,,HE1031,"T54 (Elmqvistsalen), T55 (Brånemarksalen), T63 (Theorellsalen)",,Peter Sillén,"TIDAA2, TIELA2"
2023-10-23,08:00,2023-10-23,13:00,Tentamen,,"HL1007, HL1007","L21, L22",,Mats Nilsson,"TIHLM1, TMLEM1, TTFYM2-TFYE"
2023-10-23,08:00,2023-10-23,12:00,Tentamen,,IL2206,"Ka-204, Ka-205, Ka-301, Ka-303, Ka-304",,,"TEBSM1, TEBSM1-INEL, TEBSM1-INMV, TEBSM1-INPF, TEBSM1-INSR, TIMTM1, TIMTM2, TIVNM1-AUSM, TIVNM1-AUSY, TIVNM1-INSM, TIVNM1-INSY, TIVNM2-AUSM, TIVNM2-AUSY, TSCRM1, TSCRM2"
2023-10-23,08:00,2023-10-23,13:00,Tentamen,,KD1020,"M23, M24, M3, M36, M37, M38",,Tore Brinck,CBIOT1
2023-10-23,08:00,2023-10-23,12:00,Tentamen,,KD2300,F1 (Alfvénsalen),,Jinshan Pan,"TMMMM2, TMMMM2-POTE, TMVTM2"
2023-10-23,08:00,2023-10-23,12:00,Tentamen,,KD2360,F2,,Istvan Furo,TMVTM1
2023-10-23,08:00,2023-10-23,13:00,Tentamen,,KE1140,"M31, M32, M33, M35",TEN1+TEN3,,CTKEM1
2023-10-23,08:00,2023-10-23,11:00,Tentamen,,KE1150,M2,TEN3,,CLGYM2-MAKE
2023-10-23,08:00,2023-10-23,12:00,Tentamen,,MF1063,"Q22, Q24, Q26, Q31, Q33",,Anders Eliasson,CDEPR2
2023-10-23,08:00,2023-10-23,12:00,Tentamen,,ML1508,C41,,Andreas Archenti,CITEH3
2023-10-23,08:00,2023-10-23,12:00,Tentamen,,SD2166,Hugin,,Karl Bolin,"TTEMM1, TTEMM2"
2023-10-23,08:00,2023-10-23,12:00,Tentamen,,SD2221,"Q11, Q13",,Malte Rothhämel,"TFORM1-FORA, TFORM1-FORB"
2023-10-23,08:00,2023-10-23,13:00,Tentamen,,"SF1900, SF1912, SF1914, SF1915, SF1916","Q34, Q36, V01, V11, V12, V21, V22, V23, V32, V33, V34, V35",,,"CDEPR3-AEE, CDEPR3-FOR, CDEPR3-INE, CDEPR3-IPDC, CDEPR3-IPDE, CDEPR3-IPUB, CDEPR3-MRS, CDEPR3-TEMA, CDEPR3-TEMB, CDEPR3-TEMC, CFATE3, CINTE3, CITEH3-TMA, CLGYM3-MAKE, CMAST3-AEE, CMAST3-FOR, CMAST3-INE, CMAST3-IPDE, CMAST3-IPUB, CMAST3-IPUC, CMAST3-MRS, CMAST3-MTH, CMAST3-NEE, CMAST3-PRM, CMAST3-SUE, CMAST3-SUT, CMAST3-TEMA, CMAST3-TEMB, CMAST3-TEMC, TCOMK3"
2023-10-23,08:00,2023-10-23,12:00,Tentamen,,SF2940,"D32, D33, D34, D35, D41, D42, E31, E33, E34, E35, E36, E51, E53",,,"CINEK3-TMAI, CLGYM4-MAKE, CLGYM4-TEMI, CLGYM4-TIKT, CLGYM5-MAKE, CLGYM5-TEMI, CTFYS3, CTMAT3, TCSCM1-CSTC, TCSCM2-CSCS, TCSCM2-CSDA, TCSCM2-CSTC, TDTNM1, TMAIM1, TMAIM2, TMAKM1, TMAKM2, TSCRM1, TSCRM2, TTMAM1"
2023-10-23,08:00,2023-10-23,13:00,Tentamen,,SI2380,"FB41, FB42, FB51, FB54, FD41",,Jens Bardarson,"TTFYM1-TFYA, TTFYM1-TFYB, TTFYM1-TFYG"
2023-10-23,08:00,2023-10-23,13:00,Tentamen,,SK1114,"FB52, FB53",,,"CMEDT2, TITEH3-METL"
2023-10-23,08:00,2023-10-23,13:00,Tentamen,,SK2811,FD5,,Richard Schatz,"TEFRM2-PHS, TTFYM1-TFYF, TTFYM2-TFYF"
2023-10-23,08:00,2023-10-23,13:00,Tentamen,,FSI3045,,,,
2023-10-23,08:00,2023-10-23,22:00,Tentamen,,8XFUNKA,"B21, B22, B23, B24, B25, B26, D36 (Gamla styrelserummet), D4448, Merry, Pippin",,,
2023-10-23,08:00,2023-10-23,13:00,Tentamen,,,"FA31, FA32, FP21, FP22",,,
2023-10-23,09:00,2023-10-23,12:00,Tentamen,AL1302 Helklass,AL1302,"Baltzar, Butter, Christopher, Glader, Kloker, Prosit, Toker, Trötter",TEN A,,CSAMH2
2023-10-23,09:00,2023-10-23,12:00,Tentamen,,AG2301,5O1Spe (Spelhallen),,,TTMIM1
2023-10-23,09:00,2023-10-23,13:00,Tentamen,,AH2170,XW343,,,"TFORM1, TFORM2, TIETM2-SMCS, TTGTM1"
2023-10-23,09:00,2023-10-23,13:00,Tentamen,,ML2300,"C30, C45, C46",TEN1,Seyoum Eshetu Birkie,TITHM1
2023-10-23,13:00,2023-10-23,17:00,Tentamen,AH1031 Helklass,AH1031,,Hemtenta,,CSAMH3-STP
2023-10-23,13:00,2023-10-23,19:00,Tentamen,,8XFUNKA,"L21, L22, L52",,Yasmine Boudali,
2023-10-23,13:00,2023-10-23,14:00,Tentadag,,,,,,
2023-10-23,14:00,2023-10-23,17:00,Tentamen,,AF2720,Digital,,Ahmad Reza Roozbeh,"TIBYH3-ARFU, TIBYH3-KONS, TIBYH3-PROD"
2023-10-23,14:00,2023-10-23,17:00,Tentamen,,BB2165,"FA31, FA32, Q1, Q2",,Christina Divne,"TIMBM1, TMBIM1"
2023-10-23,14:00,2023-10-23,18:00,Tentamen,,"CM2012, CM2012",T67,,Fernando Seoane Martinez,TIHLM1
2023-10-23,14:00,2023-10-23,16:00,Tentamen,,"HI1024, HI1024",Digital,"TENA,Distans",Nicklas Brandefelt,"TIDAA1, TIELA1, TITEH1-TIDA, TITEH1-TIEL"
2023-10-23,14:00,2023-10-23,17:00,Tentamen,,"SF1624, SF1624","FB41, FB42, FB51, FB52, FB53, FB54, FB55, FD41, FD5, FP21, FP22, FP41, FR4 (Oskar Kleins auditorium), M2, M23, M24, M3, M31, M32, M33, M35, M36, M37, M38",,,"CBIOT2, CDEPR1, CENMI1, CLGYM2-TEMI, CMAST1"
2023-10-24,08:00,2023-10-24,11:00,Tentamen,AE1601 Helklass,"AE1601, AE1603","Q31, Q33, Q34",TEN 1,,"CENMI3-HSS, CENMI3-ITH, CENMI3-KEM, CENMI3-MES, CENMI3-MHI, CENMI3-RENE, CENMI3-SMCS, CENMI3-SUE, CENMI3-SUT, CSAMH3-BBP, CSAMH3-MHI"
2023-10-24,08:00,2023-10-24,12:00,Tentamen,AF2003 Helklass,AF2003,"U21, U31, U41, U51",,,TCAEM1
2023-10-24,08:00,2023-10-24,18:00,Tentamen,AH1031 Helklass,AH1031,,Hemtenta,,CSAMH3-STP
2023-10-24,08:00,2023-10-24,13:00,Tentamen,EL1000 Helklass,EL1000,"E31, E33, E34, E35, E36, E51, E52, E53",,,"CTFYS3, CTMAT3"
2023-10-24,08:00,2023-10-24,13:00,Tentamen,KF2470 Helklass,KF2470,Q21,,Daniel Söderberg,"TKEMM2, TMMMM2, TMMMM2-POTE"
2023-10-24,08:00,2023-10-24,13:00,Tentamen,SI1410 Helklass,SI1410,"FB51, FB52, FB53, FB55, FD5",,Lucie Delemotte,CBIOT3
2023-10-24,08:00,2023-10-24,13:00,Tentamen,SK2532 Helklass,"FSK3532, SK2532",FD41,,Marina Zelenina,"TDTNM2, TTFYM1-TFYE"
2023-10-24,08:00,2023-10-24,12:00,Tentamen,,CM2020,T53 (Hertzsalen),,Massimiliano Colarieti Tosti,"TMLEM2-DATV, TMLEM2-ELEK, TMLEM2-FYSK, TTFYM2-TFYE"
2023-10-24,08:00,2023-10-24,13:00,Tentamen,,"HI1024, HI1024","T3 (Meitnersalen), T41 (Gullstrandsalen), T54 (Elmqvistsalen), T55 (Brånemarksalen), T62 (Carlssonsalen), T63 (Theorellsalen), T64 (Nätverkslab), T65 (Elektroniklab), T67",TEN2,Nicklas Brandefelt,"TIDAA1, TIELA1, TITEH1-TIDA, TITEH1-TIEL"
2023-10-24,08:00,2023-10-24,17:00,Tentamen,,HI1031,Fl-Projektrum 1,Ommunta,"Anders Lindström, Reine Bergström","TIDAA3, TIDAB3-SAIN, TITEH3-TIDA, TITEH3-TIDB"
2023-10-24,08:00,2023-10-24,12:00,Tentamen,,"CH213V, HL2035","Q22, Q26",,,"TAEEM2-LKR, TMLEM2-DATV, TMLEM2-FYSK"
2023-10-24,08:00,2023-10-24,12:00,Tentamen,,IX1307,"Ka-204, Ka-205, Ka-208, Ka-210, Ka-301, Ka-308",,Fadil Galjic,"TIDAB1, TIEDB1, TITEH1-TIED"
2023-10-24,08:00,2023-10-24,13:00,Tentamen,,KE2010,"Q11, Q13",,Stefan Grönkvist,TKEMM1
2023-10-24,08:00,2023-10-24,12:00,Tentamen,,KF2140,E1,,Minna Hakkarainen,"TMMMM1, TMMMM1-POTE, TMVTM2"
2023-10-24,08:00,2023-10-24,12:00,Tentamen,,ME2064,"D32, D33, D34, D35, D41, D42",,,TINEM1
2023-10-24,08:00,2023-10-24,12:00,Tentamen,,ML1214,"C36, C41",,Sten Wiedling,"LÄRGR4, TIMAS3-SIOD, TITEH3-TIMA"
2023-10-24,08:00,2023-10-24,16:00,Tentamen,,ML2200,Digital,TEN1,Bertil Wanner,"TIMAS3-SIEP, TITEH3-TIMA"
2023-10-24,08:00,2023-10-24,12:00,Tentamen,,"SF1633, SF1633","V11, V12, V21, V22, V23, V32, V33, V34, V35, W25, W37, W38, W42, W43",,,"CENMI2, CINEK2-DTOI, CINEK2-EHUI, CINEK2-PPUI, CINEK2-TMAI, CITEH2, CLGYM3-MAKE, CLGYM3-TEDA, CLGYM3-TEMI, CMATD2, CTKEM2"
2023-10-24,08:00,2023-10-24,12:00,Tentamen,,SF1683,"M23, M24, M31, M32, M33, M35, M36, M37, M38",,,"CLGYM3-MAFY, CMEDT2, CTFYS2"
2023-10-24,08:00,2023-10-24,13:00,Tentamen,,SF1692,Q36,,,CTMAT2
2023-10-24,08:00,2023-10-24,12:00,Tentamen,,SG2214,"Q15, Q17",,,"TFORM1, TFORM2, TMRSM1-MRSB, TTEMM1, TTEMM1-TEMA, TTEMM2, TTEMM2-TEMB, TTEMM2-TEMC"
2023-10-24,08:00,2023-10-24,11:00,Tentamen,,HL2040,T4 (Curiesalen),,Michail Keramidas,
2023-10-24,08:00,2023-10-24,22:00,Tentamen,,8XFUNKA,"B21, B22, B23, B24, B25, B26, D36 (Gamla styrelserummet), D4448, Merry, Pippin",,,
2023-10-24,08:00,2023-10-24,13:00,Tentamen,,,FA32,,,
2023-10-24,09:00,2023-10-24,12:00,Tentamen,DD2437 Helklass,DD2437,"Glader, Kloker, Prosit, Toker",,,"TCSCM2-CSCS, TCSCM2-CSDA, TCSCM2-CSSC, TCYSM1, TCYSM2"
2023-10-24,09:00,2023-10-24,14:00,Tentamen,MH1018 Helklass,MH1018,M1,Digital tentamen med tablets,Mikael Ersson,"CMATD3, CMATD3-INE, CMATD3-MMM, CMATD3-MRS, CMATD3-NEE, CMATD3-NTE, CMATD3-PRM, CMATD3-SUE, CMATD3-TEMB, CMATD3-TMV"
2023-10-24,09:00,2023-10-24,13:00,Tentamen,,"EP2120, IK2218","Baltzar, Christopher, XQ23, XQ25, XW343, XW344, XW41 (Visualiseringssal), XW50",,György Dán,"CLGYM4-TEDA, CLGYM5-TIKT, TCSCM1, TIEMM1-PUET, TINNM1"
2023-10-24,09:00,2023-10-24,11:00,Tentamen,,ML1607,"C45, C46",INL1,"Nihad Subasic, Per Ahlén",TIIPS2
2023-10-24,09:00,2023-10-24,12:00,Tentamen,,SH2610,,Munta,Sevostian Bechta,"TIETM1-NUEY, TNEEM1, TNEEM2"
2023-10-24,13:00,2023-10-24,17:00,Tentamen,,SH2610,,Munta,Sevostian Bechta,"TIETM1-NUEY, TNEEM1, TNEEM2"
2023-10-24,13:00,2023-10-24,14:00,Tentadag,,,,,,
2023-10-24,14:00,2023-10-24,18:00,Tentamen,AI2106 Helklass,AI2106,"V32, V34",,,TFOBM2
2023-10-24,14:00,2023-10-24,18:00,Tentamen,,AF1718,"W42, W43",,Alicja Tykocka Ström,"TBYPH2, TIBYH3-PROD, TITEH3-TIBY"
2023-10-24,14:00,2023-10-24,18:00,Tentamen,,CB2010,"FB52, FD41",,Sophia Hober,"TIMBM2-CBPB, TIMBM2-ENBT, TIMBM2-ENZT, TMBIM2-MABT, TMBIM2-OMIC"
2023-10-24,14:00,2023-10-24,18:00,Tentamen,,CB2040,"FB53, FB54, FB55",,Patrik Ståhl,TMTLM2
2023-10-24,14:00,2023-10-24,18:00,Tentamen,,ME1311,"Bilbo, Frodo, Glader, Kloker, Prosit, Toker, XQ23, XQ25, XQ32",,Christian Thomann,"CINEK3-DTOI, CINEK3-EHUI, CINEK3-PPUI, CINEK3-TMAI"
2023-10-24,14:00,2023-10-24,18:00,Tentamen,,MF2030,"Butter, Trötter, XW343, XW344",,,"TEBSM1-INSR, TFORM1, TFORM2, TIEMM1-CYPS, TIPUM1-IPUC, TMLEM2-ELEK, TSCRM1, TSCRM2"
2023-10-24,14:00,2023-10-24,17:00,Tentamen,,SF1627,"Q21, Q22, Q26, Q31",,,"TFAFK1, TFOFK1"
2023-10-24,14:00,2023-10-24,17:00,Tentamen,,SF1689,"Q34, Q36",,,CINTE1
2023-10-24,14:00,2023-10-24,17:00,Tentamen,,SF1690,Q33,,,TCOMK1
2023-10-24,14:00,2023-10-24,17:00,Tentamen,,SF2866,D34,,,"TAEEM2-SYS, TTMAM1, TTMAM1-OPST, TTMAM2, TTMAM2-OPST"
2023-10-24,14:00,2023-10-24,17:00,Tentamen,,SF2868,D32,,,TIEMM2-OSYT
2023-10-24,14:00,2023-10-24,17:00,Tentamen,,SF2975,"Q15, Q17",,,"TIEMM2-FMIB, TMAKM1, TTMAM1, TTMAM2, TTMAM2-FMIA"
2023-10-25,08:00,2023-10-25,12:00,Tentamen,"AG1321 Helklass, AG1324 Helklass","AG1321, AG1324","M37, M38",,,"CSAMH3-GIT, TAEEM2-RMD, TEFRM2-SPA"
2023-10-25,08:00,2023-10-25,13:00,Tentamen,AH1031 Helklass,AH1031,,Hemtenta: Funka-tid,,CSAMH3-STP
2023-10-25,08:00,2023-10-25,12:00,Tentamen,AH2314 Helklass,AH2314,"M23, M24",,,TTGTM2
2023-10-25,08:00,2023-10-25,12:00,Tentamen,AL2113 Helklass,AL2113,"U41, U51",,"Hanna Nathaniel, Henrik Ernstson","CENMI3-HSS, CENMI3-ITH, CENMI3-KEM, CENMI3-MES, CENMI3-MHI, CENMI3-RENE, CENMI3-SMCS, CENMI3-SUE, CENMI3-SUT, CLGYM3-TEMI, CMAST3-SUT"
2023-10-25,08:00,2023-10-25,12:00,Tentamen,MF2101 Helklass,MF2101,"M1, M2, M31, M32, M35, M36",,,"CDEPR4-INE, CMAST4-INE, CMAST4-MTH, CMAST4-SUT, TIPDM1-IPDC, TIPDM1-IPDE, TIPUM1-IPUB"
2023-10-25,08:00,2023-10-25,12:00,Tentamen,MJ2503 Helklass,MJ2503,Digital,,Anders Malmquist,"TIETM2-RENE, TMESM2, TSUEM2"
2023-10-25,08:00,2023-10-25,14:00,Tentamen,,CE2020,"L43, L44","Erdtman room,Written examination","Gastón Adrián Crespo Paravano, Maria Cuartero Botia",TMVTM2
2023-10-25,08:00,2023-10-25,13:00,Tentamen,,EQ1220,"K51, M33",,,"TEBSM1-INEL, TINNM1, TIVNM1-VCCN, TSCRM1"
2023-10-25,08:00,2023-10-25,12:00,Tentamen,,HF0024,"T53 (Hertzsalen), T54 (Elmqvistsalen), T55 (Brånemarksalen), T63 (Theorellsalen)",TENA,"Maria Shamoun, Niclas Hjelm","TBASA-2D, TBASA-2E"
2023-10-25,08:00,2023-10-25,12:00,Tentamen,,HL1015,"T4 (Curiesalen), T61",,,"TIMEL2, TITEH2-METL"
2023-10-25,08:00,2023-10-25,12:00,Tentamen,,ID2207,"Ka-303, Ka-304, Ka-308",,,"TEBSM1-INMV, TEBSM2-INPF, TIVNM2-CLNI, TIVNM2-CLNS, TSEDM1"
2023-10-25,08:00,2023-10-25,13:00,Tentamen,,IE1207,"W37, W38",,Saul Rodriguez Duenas,CELTE3
2023-10-25,08:00,2023-10-25,12:00,Tentamen,,ME1035,L52,,Henrik Uggla,
2023-10-25,08:00,2023-10-25,12:00,Tentamen,,ME2722,"D32, E53",,,
2023-10-25,08:00,2023-10-25,12:00,Tentamen,,ML1500,"C36, C41",TEN2/TEN1,Johan Kristoffersson,CITEH1
2023-10-25,08:00,2023-10-25,11:00,Tentamen,,"SF1512, SF1514, SF1519","D33, D34, D35, D41, D42, E31, E33, E34, E35, E36, E51, E52",,,"CENMI2, CLGYM3-MAKE, CLGYM3-TEDA, CMAST2, CMAST2-INTF, CMAST2-INTS, CMAST2-INTT, CMATD2, TIKED3"
2023-10-25,08:00,2023-10-25,13:00,Tentamen,,SF1661,"Q34, Q36",,,CLGYM1
2023-10-25,08:00,2023-10-25,13:00,Tentamen,,SF1671,"Q11, Q13, Q15, Q17, Q21, Q22, Q24, Q26, Q31, Q33",,,CDATE1
2023-10-25,08:00,2023-10-25,11:00,Tentamen,,SF1686,"L21, L22, L41, L42, L51",,,"CINTE2, TCOMK2, TITEH2-TIDA, TITEH2-TIEL"
2023-10-25,08:00,2023-10-25,13:00,Tentamen,,SF2852,"V11, V21",,,"TAEEM2-SYS, TIEMM1-OSYT, TMAKM1, TMAKM2, TSCRM2, TSCRM2-LDCS, TTMAM1, TTMAM2, TTMAM2-OPST"
2023-10-25,08:00,2023-10-25,13:00,Tentamen,,SF2935,"V32, V33, V34",,,"TAEEM2-SYS, TDTNM2, TIEMM1-FMIB, TIEMM1-OSYT, TINNM2, TINNM2-INF, TTMAM1, TTMAM2, TTMAM2-DAVE"
2023-10-25,08:00,2023-10-25,13:00,Tentamen,,SF2942,"V01, V12, V22, V23, V35",,,"TDTNM2, TIEMM1-FMIB, TIEMM1-OSYT, TMAKM1, TMAKM2, TTMAM1, TTMAM2, TTMAM2-FMIA"
2023-10-25,08:00,2023-10-25,13:00,Tentamen,,"FSH3220, SH2314","FB54, FB55",,,"TTFYM1-TFYB, TTFYM1-TFYE"
2023-10-25,08:00,2023-10-25,13:00,Tentamen,,SK2771,"FB41, FB42, FB53",,Anand Srinivasan,"TNTEM1, TTFYM1-TFYF, TTFYM1-TFYG"
2023-10-25,08:00,2023-10-25,22:00,Tentamen,,8XFUNKA,"B21, B22, B23, B24, B25, B26, D36 (Gamla styrelserummet), D4448, Merry, Pippin",,,
2023-10-25,08:00,2023-10-25,13:00,Tentamen,,,"FA31, FA32, FP21, FP22",,,
2023-10-25,08:00,2023-10-25,14:00,Tentamen,,,T67,FUNKA,"Joanna Selington, Niclas Hjelm",
2023-10-25,13:00,2023-10-25,14:00,Tentadag,,,,,,
2023-10-25,14:00,2023-10-25,16:00,Tentamen,AL1302 Helklass,AL1302,"D41, D42, E33, E34, E35, E36, E51, E52, E53",TEN B,,CSAMH2
2023-10-25,14:00,2023-10-25,19:00,Tentamen,CK2310 Helklass,CK2310,"U21, U31",TEN1,Markus Kärkäs,"TIMBM2-ENZT, TMMMM1, TMVTM1"
2023-10-25,14:00,2023-10-25,18:00,Tentamen,,AH1907,"V12, V32, V34",,"Alicja Tykocka Ström, Mattias Holmberg, Åsa Laurell Lyne","TBYPH2, TIBYH3-KONS, TIBYH3-PROD, TITEH3-TIBY"
2023-10-25,14:00,2023-10-25,18:00,Tentamen,,CB1030,Digital,,,"TIMBM1, TMBIM2"
2023-10-25,14:00,2023-10-25,18:00,Tentamen,,"AK2030, AK2036, AK2036, AK2038, AK2040, AK2050, FAK3014, FAK3024, FAK3136, FAK3137, FAK3138","Q11, Q13, Q21, Q22, Q24, Q26, Q31, Q33, Q34, Q36, U41, U51, U61, V01, V11, V21, V22, V23, V33, V35",,,"TDSEM2, TDTNM2, TEFRM1, TFORM1-FORA, TFORM1-FORB, TIDTM2, TIETM1-SENS, TJVTM1, TMHIM1, TMLEM1, TNEEM2, TSCRM2, TTEMM1, TTEMM2, TTFYM2, TTMAM1, TTMIM1, TTMIM2, TTMVM1-IMTA, TTMVM1-SUMA, TTMVM2-MDNA"
2023-10-25,14:00,2023-10-25,17:00,Tentamen,,MF1017,"Bilbo, Bure, Christopher, Frodo, Jacob Faggot, MacLean, Nils, W25, W37, W38, W42, W43",,,"CFATE3, CINEK3-EHUI, CITEH3-PRM"
2023-10-25,14:00,2023-10-25,18:00,Tentamen,,MJ2612,"Q15, Q17",,Hanna Nathaniel,"CLGYM4-MAFY, CLGYM4-MAKE, CLGYM4-TEDA, CLGYM4-TEMI"
2023-10-25,14:00,2023-10-25,18:00,Tentamen,,ML1201,"C1 (Casesal), C36",,Sten Wiedling,"TIIPS2, TIMAS2, TITEH2-TIMA"
2023-10-25,14:00,2023-10-25,15:00,Tentamen,,,"L43, L44",Efterarbete tentamen,"Gastón Adrián Crespo Paravano, Maria Cuartero Botia",
2023-10-26,08:00,2023-10-26,12:00,Tentamen,AF2508 Helklass,AF2508,"D33, D34, D35",,,TCAEM1
2023-10-26,08:00,2023-10-26,12:00,Tentamen,AI1108 Helklass,AI1108,"W37, W38, W42, W43",,,"CSAMH3-FEFJ, TFAFK2, TFOFK2, TIBYH3-ARFU"
2023-10-26,08:00,2023-10-26,12:00,Tentamen,"AI1126 Helklass, AI1126 Helklass","AI1126, AI1126","D41, D42, E51, E53",,,TFOFK1
2023-10-26,08:00,2023-10-26,12:00,Tentamen,AI1127 Helklass,AI1127,"M31, M32, M35, M36",,,TFAFK1
2023-10-26,08:00,2023-10-26,12:00,Tentamen,AI1145 Helklass,"AI1145, AI1145","V01, V11, V12",,,TFOFK3
2023-10-26,08:00,2023-10-26,12:00,Tentamen,AI1521 Helklass,"AI117U, AI1521, AI2519","M23, M24, M33",,Jonny Flodin,"TFAFK3, TFOBM2"
2023-10-26,08:00,2023-10-26,12:00,Tentamen,AI2148 Helklass,AI2148,"M1, M38",,,TFOBM2
2023-10-26,08:00,2023-10-26,12:00,Tentamen,AL2301 Helklass,AL2301,"L21, L22",,,TMHIM2
2023-10-26,08:00,2023-10-26,12:00,Tentamen,"SG1140 Helklass, SG1140 Helklass","SG1140, SG1140","Q11, Q13, Q15, Q17, Q21, Q22, Q24, Q26, Q31, Q33, Q34, Q36",,"Fredrik Lundell, Outi Tammisola","CDEPR2, CFATE2"
2023-10-26,08:00,2023-10-26,13:00,Tentamen,SG1220 Helklass,SG1220,"U31, U41, W25",,Lisa Prahl Wittberg,"CDEPR3-FOR, CDEPR3-INE, CDEPR3-IPDE, CDEPR3-IPUB, CDEPR3-MRS, CDEPR3-SUE, CDEPR3-TEMA, CDEPR3-TEMB, CDEPR3-TEMC, CENMI3-HSS, CENMI3-ITH, CENMI3-KEM, CENMI3-MES, CENMI3-MHI, CENMI3-RENE, CENMI3-SMCS, CENMI3-SUE, CENMI3-SUT, CITEH3-SUE, CMAST3-AEE, CMAST3-FOR, CMAST3-INE, CMAST3-IPDE, CMAST3-IPUB, CMAST3-IPUC, CMAST3-MRS, CMAST3-MTH, CMAST3-NEE, CMAST3-PRM, CMAST3-SUE, CMAST3-SUT, CMAST3-TEMA, CMAST3-TEMB, CMAST3-TEMC, CTMAT3, TTEMM1-TEMA, TTEMM2, TTEMM2-TEMB"
2023-10-26,08:00,2023-10-26,13:00,Tentamen,,EG2100,,Muntlig tentamen,Qianwen Xu,"TELPM1, TIETM1-SENS, TIETM1-SMCS, TIETM2-RENE"
2023-10-26,08:00,2023-10-26,13:00,Tentamen,,EI1320,"E31, E33, E34, E35, E36, E52",TEN1,Martin Norgren,CTFYS3
2023-10-26,08:00,2023-10-26,13:00,Tentamen,,HI1027,"Fl-Projektrum 1, Fl-Projektrum 2, Fl-Projektrum 3, T2 (Jacobssonsalen), T61, T63 (Theorellsalen)",,Anders Lindström,"TIDAA2, TIELA3, TITEH2-TIDA, TITEH2-TIEL, TITEH3-METL, TITEH3-TIEL"
2023-10-26,08:00,2023-10-26,12:00,Tentamen,,"IE1204, IE1204","Ka-204, Ka-210, Ka-301, Ka-303, Ka-304, Ka-308",,,"CINTE1, TCOMK1"
2023-10-26,08:00,2023-10-26,13:00,Tentamen,,"IL1331, IL2203","Ka-205, Ka-208, Ka-Sal A (Östen Mäkitalo)",,Johnny Öberg,"TEBSM1-INEL, TEBSM1-INMV, TEBSM1-INPF, TEBSM1-INSR, TEBSM2-INMV, TEBSM2-INSR, TIDAB2, TIEDB3, TIELA3, TITEH3-TIDB, TITEH3-TIED, TITEH3-TIEL, TIVNM2-INSM, TIVNM2-INSY"
2023-10-26,08:00,2023-10-26,13:00,Tentamen,,"CK205V, KE2110","U21, U51",,,"TKEMM1, TMVTM2"
2023-10-26,08:00,2023-10-26,13:00,Tentamen,,KE2331,B2,,Michael Svärd,TKEMM2
2023-10-26,08:00,2023-10-26,13:00,Tentamen,,KF2505,E3,,Richard Olsson,"TMMMM2, TMMMM2-POTE"
2023-10-26,08:00,2023-10-26,12:00,Tentamen,,KH0021,"K51, K53, V21, V22, V23, V32, V33, V34, V35",TENA:1,"Anders Clenander, Bengt-Erik Andersson, Hanna Magnholt Ohlman, Katarina Ståhl Kaltea, Stephan Persson",TBASD1
2023-10-26,08:00,2023-10-26,12:00,Tentamen,,ML0021,"Black Box, C1 (Casesal), C2, C33, C36",TENA,Monica Kemvall,TBASE1
2023-10-26,08:00,2023-10-26,16:00,Tentamen,,ML1503,Digital,TEN2,Bertil Wanner,"CENMI3-HSS, CENMI3-ITH, CENMI3-KEM, CENMI3-MES, CENMI3-MHI, CENMI3-RENE, CENMI3-SMCS, CENMI3-SUE, CENMI3-SUT, CITEH2"
2023-10-26,08:00,2023-10-26,12:00,Tentamen,,ML1616,,TENA/TEN1,Gabriel Montgomery,"TIIPS3, TITEH3-TIMA"
2023-10-26,08:00,2023-10-26,12:00,Tentamen,,ML2306,"C30, C45, C46",TEN1,Andreas Archenti,TITHM1
2023-10-26,08:00,2023-10-26,13:00,Tentamen,,SF2561,D32,,,"TCSCM2-CSSC, TDTNM1, TTMAM1, TTMAM2, TTMAM2-COMA"
2023-10-26,08:00,2023-10-26,13:00,Tentamen,,"SI1121, SI1122","FB42, FB51, FB53, FB54, FB55, FD41, FP41, FR4 (Oskar Kleins auditorium)",,,"CLGYM2-MAFY, CTFYS1"
2023-10-26,08:00,2023-10-26,13:00,Tentamen,,SK1108,"B1, Q1, Q2",,Mats Ahmadi Götelid,CELTE2
2023-10-26,08:00,2023-10-26,12:00,Tentamen,,"HF0021, TB0011","T3 (Meitnersalen), T4 (Curiesalen), T53 (Hertzsalen), T54 (Elmqvistsalen), T55 (Brånemarksalen)",TENA,"Erik Melander, Niclas Hjelm","TBASA-1F, TBASA-1G, TBASA-1I"
2023-10-26,08:00,2023-10-26,22:00,Tentamen,,8XFUNKA,"B21, B22, B23, B24, B25, B26, D36 (Gamla styrelserummet), D4448, Merry, Pippin",,,
2023-10-26,08:00,2023-10-26,13:00,Tentamen,,,"FA31, FA32, FP21, FP22",,,
2023-10-26,08:00,2023-10-26,14:00,Tentamen,,,T67,FUNKA,"Joanna Selington, Niclas Hjelm",
2023-10-26,10:00,2023-10-26,12:00,Tentamen,,"HL1001, HL1201",T41 (Gullstrandsalen),,Mattias Mårtensson,"CMEDT1, TIMEL1, TITEH1-METL"
2023-10-26,13:00,2023-10-26,18:00,Tentamen,"MG2013 Helklass, MG2013 Helklass",MG2013,,Egen sal,"Joakim Hedegård, Jukka Pekka Anttonen",TPRMM2
2023-10-26,13:00,2023-10-26,15:00,Tentamen,,CH107V,Digital,,,
2023-10-26,13:00,2023-10-26,14:00,Tentadag,,,,,,
2023-10-26,14:00,2023-10-26,16:00,Tentamen,AE1601 Helklass,AE1601,"V11, V21",TEN 2,,"CSAMH3-BBP, CSAMH3-MHI"
2023-10-26,14:00,2023-10-26,17:00,Tentamen,AG2412 Helklass,AG2412,L51,,,TTGTM1
2023-10-26,14:00,2023-10-26,19:00,Tentamen,BB1300 Helklass,BB1300,"FA31, FA32, FB41, FB51, FB54, FB55",,,"CBIOT3, TIMBM1, TMBIM1-MABT, TMBIM1-OMIC"
2023-10-26,14:00,2023-10-26,19:00,Tentamen,CB2100 Helklass,CB2100,"M23, M24",,Gunaratna Kuttuva Rajarao,"TIMBM2-CBPB, TIMBM2-ENBT, TIMBM2-ENZB, TMBIM2-MABT, TMBIM2-OMIC"
2023-10-26,14:00,2023-10-26,18:00,Tentamen,,AF1721,"Butter, Kloker, Toker, Trötter, XW343, XW344",,Magnus Helgesson,"TIBYH2-A, TIBYH2-B, TITEH2-TIBY"
2023-10-26,14:00,2023-10-26,16:00,Tentamen,,DD2410,"E31, E33, E34, E35, E36, E51, E52, E53",,,"TCSCM2-CSCS, TIEMM1-MAIG, TIMTM1, TIMTM2, TIVNM1-AUSM, TIVNM1-AUSY, TMAIM1, TMAIM2, TSCRM1"
2023-10-26,14:00,2023-10-26,19:00,Tentamen,,EI1110,"Bure, Christopher, Glader, Jacob Faggot, Prosit",TEN1,Hans Edin,CELTE1
2023-10-26,14:00,2023-10-26,18:00,Tentamen,,"HL1001, HL1201","T53 (Hertzsalen), T54 (Elmqvistsalen)",,Mattias Mårtensson,"CMEDT1, TIMEL1, TITEH1-METL"
2023-10-26,14:00,2023-10-26,18:00,Tentamen,,HS1020,"U31, U41, U51",,Anders Kumlin,"TIBYH3-ARFU, TIBYH3-KONS, TIBYH3-PROD, TITEH3-TIBY"
2023-10-26,14:00,2023-10-26,18:00,Tentamen,,ML1608,,TENA,Claes Hansson,TIIPS2
2023-10-26,14:00,2023-10-26,17:00,Tentamen,,SK1151,"FB42, FB52, FB53, FD41",TENV,Jonas Weissenrieder,CTKEM2
2023-10-26,14:00,2023-10-26,19:00,Tentamen,,SK2534,"FP21, FP22, FP41",,Erik Lindahl,"CLGYM4-MAFY, CLGYM5-MAFY, TIMBM1-ENZT, TTFYM1-TFYA, TTFYM1-TFYE"
2023-10-27,08:00,2023-10-27,12:00,Tentamen,AE2501 Helklass,AE2501,"D32, D33, D35",,,"TCAEM2, TMHIM1"
2023-10-27,08:00,2023-10-27,12:00,Tentamen,AF2011 Helklass,AF2011,"U21, U31",,,TCAEM2
2023-10-27,08:00,2023-10-27,12:00,Tentamen,AG1137 Helklass,AG1137,"V11, V21",,,"CENMI3-HSS, CENMI3-ITH, CENMI3-KEM, CENMI3-MES, CENMI3-MHI, CENMI3-RENE, CENMI3-SMCS, CENMI3-SUE, CENMI3-SUT, CLGYM4-TEMI, CLGYM5-TEMI, CSAMH3-MHI, CSAMH3-STP"
2023-10-27,08:00,2023-10-27,12:00,Tentamen,AH2915 Helklass,"AH2915, AH2915",K1,,Milan Horemuz,TTGTM2
2023-10-27,08:00,2023-10-27,12:00,Tentamen,AL1301 Helklass,AL1301,"E31, E33, E34, E35, E36, E51, E52, E53",,,"CLGYM4-TEMI, CLGYM5-TEMI, CSAMH2"
2023-10-27,08:00,2023-10-27,12:00,Tentamen,BB1150 Helklass,BB1150,"Bilbo, Frodo, XW344, XW50",,"Ines Ezcurra, Per Berglund","CBIOT1, CLGYM5-MAKE"
2023-10-27,08:00,2023-10-27,11:00,Tentamen,EQ2425 Helklass,EQ2425,"V12, V2, V3",,,"TINNM2, TINNM2-MMB, TIVNM1-AUSM, TIVNM1-AUSY, TIVNM2-VCCN, TMAIM1, TMAIM2"
2023-10-27,08:00,2023-10-27,13:00,Tentamen,KH1123 Helklass,KH1123,"D34, K51",,Andra Dédinaité,"TIKED1, TITEH1-TIKE"
2023-10-27,08:00,2023-10-27,14:00,Tentamen,KH1231 Helklass,KH1231,"V01, V22",TEN1,Mats Jansson,"TIKED2, TITEH2-TIKE"
2023-10-27,08:00,2023-10-27,12:00,Tentamen,MF1001 Helklass,MF1001,"Q11, W25, W37, W38, W42, W43",,"Anders Söderberg, Christer Spiegelberg",CMAST1
2023-10-27,08:00,2023-10-27,12:00,Tentamen,MG1026 Helklass,MG1026,"L21, L22, L31, L41, L42, L43, L44, L51, Q33, U41, U51, U61",,Mats Bejhem,"CINEK3-PPUI, CMAST2, CMAST2-INTF, CMAST2-INTS, CMAST2-INTT, CMAST3-INTF, CMAST3-INTS, CMAST3-INTT"
2023-10-27,08:00,2023-10-27,12:00,Tentamen,MG2029 Helklass,MG2029,"M23, M24, M31, M32, M33, M35, M36, M37, M38",,Hakan Akillioglu,"CDEPR4-INE, CMAST4-INE, CMAST4-SUT, TPRMM1"
2023-10-27,08:00,2023-10-27,13:00,Tentamen,MH2252 Helklass,MH2252,Blå,,Anders Eliasson,"TTMVM1-IMTA, TTMVM1-MDNA"
2023-10-27,08:00,2023-10-27,13:00,Tentamen,SE1025 Helklass,SE1025,"V32, V34",,Peter Gudmundson,"CDEPR3-AEE, CDEPR3-FOR, CDEPR3-INE, CDEPR3-IPDC, CDEPR3-IPDE, CDEPR3-IPUB, CDEPR3-MRS, CDEPR3-TEMA, CDEPR3-TEMB, CDEPR3-TEMC, CDEPR4-INE, TTEMM1, TTEMM1-TEMA, TTEMM1-TEMB"
2023-10-27,08:00,2023-10-27,12:00,Tentamen,,AF1024,"V23, V33, V35",,Jean-Marc Battini,TIBYH3-KONS
2023-10-27,08:00,2023-10-27,13:00,Tentamen,,AF1746,"Q13, Q15, Q17, Q21, Q22, Q24, Q26, Q31",,Bert Norlin,"TIBYH2-A, TIBYH2-B, TITEH2-TIBY"
2023-10-27,08:00,2023-10-27,13:00,Tentamen,,EL2820,"B1, B3, D1, D2",TENA,,"TAEEM2-SYS, TCSCM2-CSSC, TEBSM1-INSR, TELPM1, TIVNM2-AUSM, TIVNM2-AUSY, TSCRM1"
2023-10-27,08:00,2023-10-27,12:00,Tentamen,,HF1006,"T2 (Jacobssonsalen), T3 (Meitnersalen), T4 (Curiesalen), T53 (Hertzsalen), T54 (Elmqvistsalen), T61",,"Jonas Stenholm, Maria Shamoun","TIDAA1, TIELA1, TIMEL1, TITEH1-METL, TITEH1-TIDA, TITEH1-TIEL"
2023-10-27,08:00,2023-10-27,12:00,Tentamen,,HF1011,"T55 (Brånemarksalen), T63 (Theorellsalen), T67",,Svante Granqvist,"TIELA2, TIMEL2, TITEH2-METL, TITEH2-TIDA, TITEH2-TIEL"
2023-10-27,08:00,2023-10-27,16:00,Tentamen,,HN2022,T41 (Gullstrandsalen),,Malin Håkansson,TTAHM1
2023-10-27,08:00,2023-10-27,12:00,Tentamen,,ID2221,"Ka-210, Ka-304, Ka-308, Ka-Sal A (Östen Mäkitalo)",,Amir Hossein Payberah,"TIVNM1-CLNI, TIVNM1-CLNS, TIVNM2-DASC, TIVNM2-DASE, TMAIM1, TMAIM2, TSEDM2-DASC, TSEDM2-PVT"
2023-10-27,08:00,2023-10-27,13:00,Tentamen,,KD2380,"D41, D42, K53",,Inger Odnevall,"TKEMM2, TMMMM2, TMVTM2, TTMVM2-IMTA"
2023-10-27,08:00,2023-10-27,14:00,Tentamen,,"KE1080, KE1175","E1, F1 (Alfvénsalen)",,,"CENMI3-HSS, CENMI3-ITH, CENMI3-KEM, CENMI3-MES, CENMI3-MHI, CENMI3-RENE, CENMI3-SMCS, CENMI3-SUE, CENMI3-SUT, CTKEM3"
2023-10-27,08:00,2023-10-27,13:00,Tentamen,,KE2070,"M2, M3",,,TKEMM1
2023-10-27,08:00,2023-10-27,12:00,Tentamen,,KF2460,M1,,"Gunnar Henriksson, Martin Lawoko, Monica Ek","TMMMM1, TMMMM1-POTE"
2023-10-27,08:00,2023-10-27,13:00,Tentamen,,LT1039,"D3, L52",,Per Norström,"CLGYM2-TEDA, CLGYM2-TEMI"
2023-10-27,08:00,2023-10-27,12:00,Tentamen,,ML1330,"C33, C37, C38",TENA,Claes Hansson,"TIMAS3-SIEP, TITEH2-TIMA"
2023-10-27,08:00,2023-10-27,13:00,Tentamen,,SD2111,"Hugin, Munin",,,"TFORM1, TFORM2, TTEMM1, TTEMM1-TEMC, TTEMM2"
2023-10-27,08:00,2023-10-27,13:00,Tentamen,,SF1930,"Q34, Q36",,,CTMAT2
2023-10-27,08:00,2023-10-27,13:00,Tentamen,,SG2150,,,Arne Nordmark,"TTEMM2, TTEMM2-TEMB"
2023-10-27,08:00,2023-10-27,12:00,Tentamen,,SG2226,"Hjärne, Lallerstedt",,,"TIETM2-RENE, TTEMM2"
2023-10-27,08:00,2023-10-27,13:00,Tentamen,,SH1011,"FB41, FD41, FD5",,,"CFATE3, CINTE3, CMEDT3, TITEH3-METL"
2023-10-27,08:00,2023-10-27,13:00,Tentamen,,SK2560,L1,,Haichun Liu,"TTFYM1-TFYF, TTFYM1-TFYG, TTFYM2-TFYE, TTFYM2-TFYF, TTFYM2-TFYG"
2023-10-27,08:00,2023-10-27,13:00,Tentamen,,SK2822,B2,,Yanting Sun,TNTEM2-NTEB
2023-10-27,08:00,2023-10-27,22:00,Tentamen,,8XFUNKA,"B21, B22, B23, B24, B25, B26, D36 (Gamla styrelserummet), D4448, Merry, Pippin",,,
2023-10-27,08:00,2023-10-27,13:00,Tentamen,,,"FA31, FA32, FP21",,,
2023-10-27,09:00,2023-10-27,13:00,Tentamen,AL1351 Helklass,AL1351,"Bure, Jacob Faggot, MacLean",,,CENMI1
2023-10-27,09:00,2023-10-27,13:00,Tentamen,MF2068 Helklass,MF2068,"Butter, Trötter",,"Gabriel Calderon Salmeron, Roman de la Presilla Patiño, Sergei Glavatskih",TIPUM1-IPUB
2023-10-27,09:00,2023-10-27,14:00,Tentamen,"MG2014 Helklass, MG2014 Helklass","MG2014, MG2014",,Egen sal,"Joakim Hedegård, Jukka Pekka Anttonen",TPRMM2
2023-10-27,09:00,2023-10-27,17:00,Tentamen,,EK2380,,Hemtentamen,Anna Herland,"TIHLM2, TMLEM2-ELEK, TNTEM2-NTEA"
2023-10-27,09:00,2023-10-27,13:00,Tentamen,,ML1200,"C30, C36, C45, C46",TENA/TENM Grupp1,Jafar Mahmoudi,"TIMAS1, TITEH1-TIMA"
2023-10-27,09:00,2023-10-27,12:00,Tentamen,,Kurs II: Vetenskap och vårdande,"7518, T51 (Henri Dunantsalen), T52 (Jean Pictetsalen)","VK-23 gr A, C, D. Gäller ej gr B men gäller tidigare terminer.",Sara Stridh,
2023-10-27,13:00,2023-10-27,14:00,Tentadag,,,,,,
2023-10-27,14:00,2023-10-27,18:00,Tentamen,BB1210 Helklass,BB1210,"FB41, FB51, FB53, FB54, FB55, FD5",,My Hedhammar,"CBIOT2, TIKED3"
2023-10-27,14:00,2023-10-27,18:00,Tentamen,MH2281 Helklass,MH2281,,Hemtentamen,Stefan Jonsson,"TTMVM2-IMTA, TTMVM2-MDNA"
2023-10-27,14:00,2023-10-27,18:00,Tentamen,,ML1200,"C30, C36, C45, C46",TENA/TENM Grupp2,Jafar Mahmoudi,"TIMAS1, TITEH1-TIMA"
2023-10-27,14:00,2023-10-27,16:00,Tentamen,,SD2722,,Hemtentamen,Zuheir Barsoum,"TMRSM1-MRSA, TMRSM1-MRSB, TMRSM1-MRSD"
2023-10-27,14:00,2023-10-27,19:00,Tentamen,,SG1113,"D32, E31, E33, E34, E35, E36, E51, E52, E53",,Erik Lindborg,"CLGYM3-MAFY, CTFYS2"
2023-10-27,14:00,2023-10-27,19:00,Tentamen,,SK2770,"FP21, FP22, FP41",MUNTA,Muhammet Toprak,TNTEM1
2023-10-27,14:00,2023-10-27,17:00,Tentamen,,"FSM3001, SM2001","U41, U51, U61",,Ricardo Vinuesa Motilva,"TAEEM2-FLT, TTEMM2"
2023-10-27,14:00,2023-10-27,15:00,Tentamen,,,"E1, F1 (Alfvénsalen)",Efterarbete tenta,Efthymios Kantarelis,
2023-10-31,09:00,2023-10-31,09:30,Tentamen,,Kurs IV: Vetenskap och hälsoarbete,,"DISTANSTENTA/CANVAS 31/10-3/11,OBS! Ej anmälan i Ladok. Tentamen öppnar kl 09:00.",Gabriella Ahlenius,
2023-11-02,09:00,2023-11-02,12:00,Tentamen,,"Grundläggande omvårdnad inom intensivvård, 15 hp, AN",T6,,Charlotta Tegnestedt,
2023-11-02,13:00,2023-11-02,15:00,Tentamen,,Kurs IV: Vetenskap och hälsoarbete,T6,VK-22 gr B. Gäller även tidigare terminer.,,
2023-11-03,09:00,2023-11-03,12:00,Tentamen,,Kurs III: Global omvårdnad och ohälsa,"T51 (Henri Dunantsalen), T52 (Jean Pictetsalen)",HK-22 gr B. Gäller även tidigare terminer.,Catarina Nahlén Bose,
2023-11-03,11:30,2023-11-03,12:00,Tentamen,,Kurs IV: Vetenskap och hälsoarbete,,"DISTANSTENTA/CANVAS 31/10-3/11,Kl 12:00 är deadline för inlämning av tentamen.",,
2023-11-04,00:00,2023-11-05,00:00,Alla helgons dag,,,,,,
2023-11-06,12:00,2023-11-06,14:00,"KTH Global, www.kth.se/global",,,,,,
2023-11-08,12:00,2023-11-08,14:00,"KTH Global, www.kth.se/global",,,,,,
2023-11-09,12:00,2023-11-09,14:00,"KTH Global, www.kth.se/global",,,,,,
2023-11-13,08:00,2023-11-13,11:00,Tentamen,,SK1151,"FB42, FB52, FB53, FD41",TENE,Jonas Weissenrieder,CTKEM2
2023-11-13,09:00,2023-11-13,12:00,Tentamen,,Kurs VIII:Fördjupning i omvårdnad och förbättringskunskap,T52 (Jean Pictetsalen),VK-21 gr B. Ej omtentamen för grupp A.,Charlotta Tegnestedt,
2023-11-17,08:00,2023-11-17,17:00,Tentamen,,CM1000,Digital,,Johnny Panrike,"TIDAA2, TITEH2-TIDA"
2023-11-17,13:00,2023-11-17,16:00,Tentamen,,Kurs III: Global omvårdnad och ohälsa,T52 (Jean Pictetsalen),HK-22 gr A. Gäller ej gr B.,Catarina Nahlén Bose,
2023-11-18,08:00,2023-11-18,17:00,Tentamen,,CM1000,Digital,,Johnny Panrike,"TIDAA2, TITEH2-TIDA"
2023-11-20,08:00,2023-11-20,12:00,Tentamen,,AF1744,"V01, V11, W25, W37, W38, W42, W43",,"Gunilla Teofilusson, Magnus Helgesson","TIBYH1-A, TIBYH1-B, TIBYH1-C, TITEH1-TIBY"
2023-11-20,08:00,2023-11-20,17:00,Tentamen,,CM1000,Digital,,Johnny Panrike,"TIDAA2, TITEH2-TIDA"
2023-11-20,08:00,2023-11-20,14:00,Tentamen,,,"FB52, FB53, FB54",Optik 1,"Linda Lundström, Peter Unsbo",
2023-11-21,08:00,2023-11-21,10:00,Tentamen,,SD2165,Munin,,Ragnar Glav,"TTEMM1, TTEMM1-TEMC, TTEMM2"
2023-11-21,08:00,2023-11-21,13:00,Tentamen,,,"FA32, FB42",FK4026,,
2023-11-21,10:00,2023-11-21,16:00,THS Armada – event.armada.nu,,,,,,
2023-11-22,10:00,2023-11-22,16:00,THS Armada – event.armada.nu,,,,,,
2023-11-23,08:00,2023-11-23,17:00,Tentamen,AL2608 Helklass,AL2608,,"Hemtenta, obligatoriskt",,"CLGYM4-TEMI, CLGYM5-TEMI, TCAEM2, TMHIM2, TSUTM2"
2023-11-24,08:00,2023-11-24,17:00,Tentamen,AL2608 Helklass,AL2608,,"Hemtenta, obligatoriskt",,"CLGYM4-TEMI, CLGYM5-TEMI, TCAEM2, TMHIM2, TSUTM2"
2023-11-24,08:00,2023-11-24,12:00,Tentamen,,KD1500,"B21, B24, B25, B26",TEN1,Mårten Ahlquist,CBIOT3
2023-11-24,09:00,2023-11-24,12:00,Tentamen,,Kurs II: Vetenskap och vårdande,"T52 (Jean Pictetsalen), T6",VK-23 gr A och B. Omtentamen för gr C och D. Gäller även tidigare terminer.,Sara Stridh,
2023-11-28,09:00,2023-11-28,09:30,Tentamen,,Kurs IV: Vetenskap och hälsoarbete,,"DISTANSTENTA/CANVAS 28/11-2/12,OBS! Ej anmälan i Ladok. Tentamen öppnar kl 09:00.",Gabriella Ahlenius,
2023-11-29,10:00,2023-11-29,12:00,Tentamen,AH1025 Helklass,AH1025,"L41, L43",,,CSAMH3-STP
2023-11-30,08:00,2023-11-30,17:00,Tentamen,,CM1000,Digital,,Johnny Panrike,"TIDAA2, TITEH2-TIDA"
2023-11-30,08:00,2023-11-30,13:00,Tentamen,,,"FA31, FA32, FP21, FP22",FK5025,,
2023-12-01,09:00,2023-12-01,11:00,Tentamen,,Kurs II: Vetenskap och vårdande,"T5, T51 (Henri Dunantsalen)",VK-23 gr D. Gäller även tidigare terminer.,Petter Tinghög,
2023-12-01,09:00,2023-12-01,11:00,Tentamen,,Kurs IV: Vetenskap och hälsoarbete,T52 (Jean Pictetsalen),VK-22 gr C. Gäller även tidigare terminer.,Gabriella Ahlenius,
2023-12-01,11:30,2023-12-01,12:00,Tentamen,,Kurs IV: Vetenskap och hälsoarbete,,"DISTANSTENTA/CANVAS 28/11-2/12,Kl 12:00 är deadline för inlämning av tentamen.",,
2023-12-02,08:00,2023-12-02,17:00,Tentamen,,CM1000,Digital,,Johnny Panrike,"TIDAA2, TITEH2-TIDA"
2023-12-02,14:00,2023-12-02,17:00,Tentamen,,,FR4 (Oskar Kleins auditorium),tentamen AS1003,,
2023-12-04,08:00,2023-12-04,12:00,Tentamen,AL1130 Helklass,AL1130,"M23, M24, M36, M37",,Hanna Nathaniel,CLGYM1
2023-12-04,08:00,2023-12-04,12:00,Tentamen,,CM1000,Digital,,Johnny Panrike,"TIDAA2, TITEH2-TIDA"
2023-12-04,12:00,2023-12-04,17:00,"Storträff -undvik frl, le, ex",,,,,,
2023-12-05,08:00,2023-12-05,12:00,Tentamen,,CM2018,"T61, T67",,Örjan Smedby,TMLEM1
2023-12-08,09:00,2023-12-08,12:00,Tentamen,,Kurs I: Omvårdnad och hälsa,"T5, T51 (Henri Dunantsalen), T52 (Jean Pictetsalen), T6","HK-23. Gäller även VK23, HK22, VK-22 och HK-21, men inte äldre terminer.",Miguel Diaz,
2023-12-11,08:00,2023-12-11,12:00,Tentamen,,KH0023,"K2, K51, K53, V21, V22, V23, V32, V33, V34, V35",TENA:1,"Anders Clenander, Johan Franzén, Katarina Ståhl Kaltea, Morgan Olsson",TBASD1
2023-12-11,08:00,2023-12-11,12:00,Tentamen,,ML0023,"Black Box, C1 (Casesal), C2, C33, C36, C41",TENA,Martin Wrååk,TBASE1
2023-12-11,08:00,2023-12-11,12:00,Tentamen,,"HF0023, TB0013","T3 (Meitnersalen), T4 (Curiesalen), T53 (Hertzsalen), T54 (Elmqvistsalen), T55 (Brånemarksalen)",,"Martina Lahmann, Sara Sebelius","TBASA-1F, TBASA-1G, TBASA-1I"
2023-12-11,08:00,2023-12-11,14:00,Tentamen,,,T67,FUNKA,"Joanna Selington, Sara Sebelius",
2023-12-11,18:00,2023-12-11,21:00,Tentamen,,,FR4 (Oskar Kleins auditorium),AS1005,,
2023-12-12,08:00,2023-12-12,11:00,Tentamen,,"CH2004, CH2004",T55 (Brånemarksalen),,"Jan-Anders Kipping, Per Nylén",TTAHM1
2023-12-14,08:00,2023-12-14,12:00,Tentamen,KH1341 Helklass,KH1341,"K53, W42",,Elisabet Brännvall,"TIKED3, TITEH3-TIKE"
2023-12-15,08:00,2023-12-15,12:00,Tentamen,,MF2140,M33,,"Claudia Andruetto, Martin Törngren, Rafia Inam",TIEMM1-CYPS
2023-12-15,08:00,2023-12-15,13:00,Tentamen,,,"FA31, FA32, FP21, FP22, FR4 (Oskar Kleins auditorium)",FK3014,,
2023-12-18,08:00,2023-12-18,13:00,Tentamen,MG2015 Helklass,MG2015,,Egen sal,"Joakim Hedegård, Joakim Wahlsten",TPRMM2
2023-12-18,09:00,2023-12-18,12:00,Tentamen,DD2350 Helklass,DD2350,Digital,,Viggo Kann,"CDATE3, CINTE2, CINTE3, CLGYM4-TEDA, CLGYM5-TIKT, CTMAT3"
2023-12-18,09:00,2023-12-18,15:00,Tentamen,,,Ka-206,,Anna Wiippola,
2023-12-18,13:00,2023-12-18,14:00,Omtentadag,,,,,,
2023-12-18,14:00,2023-12-18,18:00,Tentamen,,HI1037,T41 (Gullstrandsalen),,,
2023-12-19,08:00,2023-12-19,12:00,Tentamen,MG2016 Helklass,MG2016,,Egen sal,"Joakim Hedegård, Joakim Wahlsten",TPRMM2
2023-12-19,13:00,2023-12-19,14:00,Omtentadag,,,,,,
2023-12-19,14:00,2023-12-19,18:00,Tentamen,MJ2460 Helklass,MJ2460,"Q24, Q26",,Jaime Arias Hurtado,"TDSEM2, TIETM2-RENE, TMESM2, TSUEM2"
2023-12-20,13:00,2023-12-20,14:00,Omtentadag,,,,,,
2023-12-20,14:00,2023-12-20,17:00,Tentamen,,SH2600,"FB42, FB52, FB53",,Jan Dufek,"TIETM1-NUEY, TNEEM1"
2023-12-21,08:00,2023-12-21,12:00,Tentamen,,KD1500,"W42, W43",TEN2,Mårten Ahlquist,CBIOT3
2023-12-21,13:00,2023-12-21,14:00,Omtentadag,,,,,,
2023-12-22,08:00,2023-12-22,17:00,Eget arbete,,,,,,
2023-12-22,09:00,2023-12-22,11:00,Tentamen,,Kurs III: Global omvårdnad och ohälsa,T51 (Henri Dunantsalen),HK-22 gr A. Gäller även tidigare terminer.,Stephanie Paillard-Borg,
2023-12-24,00:00,2023-12-25,00:00,Julafton,,,,,,
2023-12-25,00:00,2023-12-26,00:00,Juldagen,,,,,,
2023-12-26,00:00,2023-12-27,00:00,Annandag jul,,,,,,
2023-12-27,08:00,2023-12-27,17:00,Eget arbete,,,,,,
2023-12-28,08:00,2023-12-28,17:00,Eget arbete,,,,,,
2023-12-29,08:00,2023-12-29,17:00,Eget arbete,,,,,,
2023-12-31,00:00,2024-01-01,00:00,Nyårsafton,,,,,,
2024-01-01,00:00,2024-01-02,00:00,Nyårsdagen,,,,,,
2024-01-02,08:00,2024-01-02,13:00,Tentamen,,,"FP21, FP22",,,
2024-01-02,08:00,2024-01-02,17:00,Eget arbete,,,,,,
2024-01-03,08:00,2024-01-03,13:00,Tentamen,,,"FP21, FP22",,,
2024-01-03,08:00,2024-01-03,17:00,Eget arbete,,,,,,
2024-01-04,08:00,2024-01-04,13:00,Tentamen,,,"FP21, FP22",,,
2024-01-04,08:00,2024-01-04,17:00,Eget arbete,,,,,,
2024-01-05,08:00,2024-01-05,17:00,Eget arbete,,,,,,
2024-01-06,00:00,2024-01-07,00:00,Trettondedag jul,,,,,,
2024-01-08,08:00,2024-01-08,12:00,Tentamen,AF2101 Helklass,AF2101,"U31, U41, U51, U61",,,TCAEM1
2024-01-08,08:00,2024-01-08,12:00,Tentamen,AI1174 Helklass,AI1174,Q2,,,TFAFK3
2024-01-08,08:00,2024-01-08,12:00,Tentamen,AI1179 Helklass,AI1179,Q1,,,TFOFK2
2024-01-08,08:00,2024-01-08,12:00,Tentamen,AI1525 Helklass,"AI1520, AI1525","D34, D35, D41, D42, E33, E34, E35, E36, E51, E52, E53",,,"CENMI3-HSS, CENMI3-ITH, CENMI3-KEM, CENMI3-MES, CENMI3-MHI, CENMI3-RENE, CENMI3-SMCS, CENMI3-SUE, CENMI3-SUT, CSAMH2, TFAFK2"
2024-01-08,08:00,2024-01-08,12:00,Tentamen,MF1016 Helklass,MF1016,"V01, V12, V21, V22, V23",,"Andreas Cronhjort, Hans Johansson","CDEPR3, CDEPR3-AEE, CDEPR3-FOR, CDEPR3-INE, CDEPR3-IPDC, CDEPR3-IPDE, CDEPR3-IPUB, CDEPR3-IPUC, CDEPR3-MRS, CDEPR3-PRM, CDEPR3-SUE, CDEPR3-TEMA, CDEPR3-TEMB, CDEPR3-TEMC"
2024-01-08,08:00,2024-01-08,12:00,Tentamen,MG2104 Helklass,MG2104,,,Ove Bayard,TPRMM1
2024-01-08,08:00,2024-01-08,13:00,Tentamen,MH2055 Helklass,MH2055,"Q13, Q15",,Annika Borgenstam,"CMATD3, CMATD3-INE, CMATD3-MMM, CMATD3-MRS, CMATD3-NEE, CMATD3-NTE, CMATD3-PRM, CMATD3-SUE, CMATD3-TEMB, CMATD3-TMV"
2024-01-08,08:00,2024-01-08,12:00,Tentamen,MH2100 Helklass,MH2100,V11,,Greta Lindwall,"TTMVM1-IMTA, TTMVM1-MDNA"
2024-01-08,08:00,2024-01-08,13:00,Tentamen,MJ1112 Helklass,MJ1112,"M31, M32, M33, M35, M36, M37, M38",,Hans Havtun,"CENMI2, CLGYM3-TEMI"
2024-01-08,08:00,2024-01-08,13:00,Tentamen,SE2126 Helklass,SE2126,"Q22, Q26",,Per-Lennart Larsson,"CDEPR4-INE, CMAST4-INE, CMAST4-MTH, CMAST4-SUT, TMLEM2-FYSK, TTEMM1, TTEMM1-TEMB, TTEMM2, TTEMM2-TEMA, TTEMM2-TEMC"
2024-01-08,08:00,2024-01-08,12:00,Tentamen,,AF1764,"V34, V35, W25, W37, W38, W42, W43",,Robert Algervik,"TIBYH1-A, TIBYH1-B, TIBYH1-C, TITEH1-TIBY"
2024-01-08,08:00,2024-01-08,13:00,Tentamen,,CM1000,"Fl-Projektrum 1, Fl-Projektrum 2, T3 (Meitnersalen), T4 (Curiesalen), T61, T67",,"Erik Melander, Johnny Panrike","TIDAA2, TITEH2-TIDA"
2024-01-08,08:00,2024-01-08,13:00,Tentamen,,EG2340,"E1, E2, E3",,Lennart Söder,"TELPM2, TIELA3, TIETM1-SENS, TIETM2-RENE, TITEH3-TIEL"
2024-01-08,08:00,2024-01-08,12:00,Tentamen,,EJ2410,"K51, K53",,,"TFORM1-FORA, TFORM2-FORA"
2024-01-08,08:00,2024-01-08,13:00,Tentamen,,EL2620,"B1, B2, B3",,Elling W Jacobsen,"TAEEM2-RMD, TAEEM2-SYS, TEBSM1-INSR, TEBSM2-INSR, TELPM2, TSCRM1, TSCRM1-LDCS, TSCRM1-RASM, TSCRM2, TSCRM2-LDCS, TSCRM2-RASM"
2024-01-08,08:00,2024-01-08,13:00,Tentamen,,EL2805,"M1, M23, M24, M3, Q11, Q17, Q21, Q36",,Alexandre Proutiere,"TAEEM2-SYS, TCYSM1, TCYSM2, TEBSM1-INMV, TEBSM1-INPF, TEBSM1-INSR, TIEMM1-MAIG, TINNM1, TINNM2, TIVNM2-VCCN, TMAIM1, TMAIM2, TSCRM1, TSCRM1-LDCS, TSCRM1-RASM, TSCRM2, TSCRM2-LDCS, TSCRM2-RASM"
2024-01-08,08:00,2024-01-08,13:00,Tentamen,,EQ1110,"D1, D3, V1, V2",,,"CELTE2, CINTE3"
2024-01-08,08:00,2024-01-08,12:00,Tentamen,,HE1034,T54 (Elmqvistsalen),,Lars Johan Anders Cajander,"TIELA2, TITEH2-TIEL"
2024-01-08,08:00,2024-01-08,12:00,Tentamen,,HE1201,"T53 (Hertzsalen), T55 (Brånemarksalen), T63 (Theorellsalen)",,Peter Sillén,"CMEDT2, TIMEL2"
2024-01-08,08:00,2024-01-08,12:00,Tentamen,,HS1725,"V32, V33",,Alicja Tykocka Ström,"TBYPH2, TIBYH3-PROD"
2024-01-08,08:00,2024-01-08,11:00,Tentamen,,IS1300,"Ka-205, Ka-301",,Matthias Becker,"CINTE2, TIDAA3, TIDAB3-SAIN, TIEDB2, TIELA3, TITEH2-TIED, TITEH3-TIEL"
2024-01-08,08:00,2024-01-08,13:00,Tentamen,,KA1015,"D2, D32, D33, E31",,Gunnar Henriksson,"CTKEM3, TIKED3"
2024-01-08,08:00,2024-01-08,13:00,Tentamen,,KE2351,F1 (Alfvénsalen),,,"TKEMM1, TMMMM2, TMVTM2"
2024-01-08,08:00,2024-01-08,12:00,Tentamen,,ML1108,,"TEN1,Hemtenta",Gabriel Montgomery,"TIMAS3-SIEP, TITEH3-TIMA"
2024-01-08,08:00,2024-01-08,12:00,Tentamen,,SD2125,"Q24, Q31, Q33, Q34",,,"CFATE3, TTEMM1, TTEMM1-TEMC, TTEMM2, TTEMM2-TEMB"
2024-01-08,08:00,2024-01-08,13:00,Tentamen,,SK1150,"FB42, FB52, FB53, FB54, FB55",,Ilja Sytjugov,CBIOT2
2024-01-08,08:00,2024-01-08,22:00,Tentamen,,8XFUNKA,"B21, B22, B23, B24, B25, B26, D36 (Gamla styrelserummet), D4448, Merry, Pippin",,,
2024-01-08,08:00,2024-01-08,13:00,Tentamen,,,"FA31, FA32, FP21, FP22",,,
2024-01-08,09:00,2024-01-08,17:00,Tentamen,AG2806 Helklass,"AG2806, AG2806",,Hemtenta,,"TCAEM2, THSSM1, TIETM2-SMCS"
2024-01-08,09:00,2024-01-08,13:00,Tentamen,"MG2009 Helklass, MG2109 Helklass","MG2009, MG2109","M221, M226",,,"CDEPR4-INE, CMAST4-INE, CMAST4-SUT, TIEMM2-MOPR, TPRMM2"
2024-01-08,09:00,2024-01-08,17:00,Tentamen,,HN2020,Digital,Hemtentamen,Cecilia Österman,"TTAHM1, TTAHM2"
2024-01-08,09:00,2024-01-08,13:00,Tentamen,,ML1200,"C30, C45, C46","TENB/TENP,Grupp1",Bertil Wanner,"TIMAS1, TITEH1-TIMA"
2024-01-08,09:00,2024-01-08,13:00,Tentamen,,SK2402,,Munta,Katia Gallo,"TEFRM1-PLA, TEFRM2-PHS, TTFYM1-TFYF"
2024-01-08,13:00,2024-01-08,16:00,Tentamen,,CM1000,"Fl-Projektrum 1, Fl-Projektrum 2",Förlängd tid,Erik Melander,
2024-01-08,13:00,2024-01-08,14:00,Tentadag,,,,,,
2024-01-08,14:00,2024-01-08,18:00,Tentamen,AI2102 Helklass,AI2102,"M23, M24, M31, M32, M33, M35, M36",,,TFOBM1
2024-01-08,14:00,2024-01-08,18:00,Tentamen,,HL1013,T54 (Elmqvistsalen),,Matilda Larsson,"TIMEL3, TITEH2-METL"
2024-01-08,14:00,2024-01-08,18:00,Tentamen,,IL2238,"Ka-303, Ka-304",,Ana Rusu,"TEBSM1-INEL, TEBSM1-INPF, TIVNM1-INSY, TNTEM2-NTEB"
2024-01-08,14:00,2024-01-08,18:00,Tentamen,,ME1310,"XQ23, XQ25, XW343, XW344, XW50",,Per Thulin,"CINEK3-DTOI, CINEK3-EHUI, CINEK3-PPUI, CINEK3-TMAI"
2024-01-08,14:00,2024-01-08,18:00,Tentamen,,ML1200,"C30, C45, C46","TENB/TENP,Grupp2",Bertil Wanner,"TIMAS1, TITEH1-TIMA"
2024-01-08,14:00,2024-01-08,17:00,Tentamen,,"SF1625, SF1625","Q24, V01, V11, V12, V21, V22, V23, V32, V33, V34, V35, W25, W37, W38, W42, W43",,,"CBIOT1, CDEPR1, CENMI1, CLGYM2-TEMI, CMAST1"
2024-01-08,14:00,2024-01-08,19:00,Tentamen,,SH1014,"FB51, FB52, FB53, FB54, FB55, FD41, FP21, FP22, FP41, FR4 (Oskar Kleins auditorium)",,,"CLGYM3-MAFY, CTFYS2"
2024-01-08,14:00,2024-01-08,19:00,Tentamen,,SH2103,"FA31, FA32",,Ayse Nyberg,"TTFYM1-TFYB, TTFYM1-TFYE"
2024-01-09,08:00,2024-01-09,13:00,Tentamen,AE2201 Helklass,AE2201,Digital,,Liangchao Zou,TMHIM1
2024-01-09,08:00,2024-01-09,13:00,Tentamen,AE2302 Helklass,AE2302,D1,,,TMHIM2
2024-01-09,08:00,2024-01-09,12:00,Tentamen,"AG1817 Helklass, AG2926 Helklass","AG1817, AG2926, AG2926","M23, M24",,,"CSAMH3-GIT, TTGTM1"
2024-01-09,08:00,2024-01-09,12:00,Tentamen,AH1023 Helklass,AH1023,"Q15, Q17",,,"CSAMH3-MHI, CSAMH3-STP"
2024-01-09,08:00,2024-01-09,12:00,Tentamen,KH1111 Helklass,KH1111,"E31, E33, E34",TENB,Abbas Jorjani,"TIKED1, TITEH1-TIKE"
2024-01-09,08:00,2024-01-09,13:00,Tentamen,MF2010 Helklass,MF2010,"D33, D41, D42",,Ulf Olofsson,"CDEPR4-INE, CMAST4-INE, CMAST4-MTH, CMAST4-SUT, TIPUM1-IPUB"
2024-01-09,08:00,2024-01-09,12:00,Tentamen,MH2501 Helklass,MH2501,Digital,,Bengt Peter Samuelsson,"TTMVM2-IMTA, TTMVM2-MDNA, TTMVM2-SUMA"
2024-01-09,08:00,2024-01-09,12:00,Tentamen,,AF1752,"V01, V12, W25",,"Cecilia Hörngren, Zeev Bohbot",TIBYH3-ARFU
2024-01-09,08:00,2024-01-09,14:00,Tentamen,,BB2570,,Hemtentamen,Ines Ezcurra,"TIMBM1-CBPB, TIMBM1-ENBT, TIMBM1-ENZT, TMBIM1-MABT, TMBIM1-OMIC"
2024-01-09,08:00,2024-01-09,13:00,Tentamen,,EI2405,"K53, M31",,Mariana Dalarsson,"TEFRM1, TELPM2"
2024-01-09,08:00,2024-01-09,13:00,Tentamen,,EJ1200,"E51, E52, E53",,,"CELTE3, CENMI3-ELP, CENMI3-HSS, CENMI3-ITH, CENMI3-KEM, CENMI3-MES, CENMI3-MHI, CENMI3-RENE, CENMI3-SENS, CENMI3-SMCS, CENMI3-SUE, CENMI3-SUT"
2024-01-09,08:00,2024-01-09,12:00,Tentamen,,HI2002,T63 (Theorellsalen),,Ibrahim Orhan,"TIDAA3, TIELA3, TITEH3-TIEL"
2024-01-09,08:00,2024-01-09,13:00,Tentamen,,HS1014,"Q11, Q13, Q24, U21",,Ali Alavizadeh Farhang,TIBYH3-KONS
2024-01-09,08:00,2024-01-09,12:00,Tentamen,,II1303,Ka-301,,Slimane Ben Slimane,"CINTE2, TCOMK2, TCOMK3, TIEDB2, TITEH2-TIED"
2024-01-09,08:00,2024-01-09,12:00,Tentamen,,IL2225,"Ka-208, Ka-210, Ka-308",,Ahmed Hemani,"TEBSM1-INEL, TEBSM1-INPF, TEBSM2-INMV, TEBSM2-INSR, TIELA3, TITEH3-TIEL, TIVNM1-INSY, TIVNM2-INSM, TIVNM2-INSY"
2024-01-09,08:00,2024-01-09,12:00,Tentamen,,KH0022,"K51, U31, U41, U51, W37, W38, W42, W43",TENA:1,"Bengt-Erik Andersson, Christina Persson, Hanna Magnholt Ohlman, Rose Marie Hammar, Stephan Persson",TBASD1
2024-01-09,08:00,2024-01-09,12:00,Tentamen,,ME2065,"D32, D34, D35, E3, E35, E36",,Jannis Angelis,TINEM1
2024-01-09,08:00,2024-01-09,12:00,Tentamen,,ML0022,"Black Box, C1 (Casesal), C33, C36",TENA,Oswald Fogelklou,TBASE1
2024-01-09,08:00,2024-01-09,12:00,Tentamen,,ML1609,,TENA,Gabriel Montgomery,TIIPS2
2024-01-09,08:00,2024-01-09,13:00,Tentamen,,SF1682,"Q31, Q33, Q34, Q36",,,"CFATE2, CMEDT2"
2024-01-09,08:00,2024-01-09,13:00,Tentamen,,SF2863,"V11, V21, V22, V23, V32, V33, V34, V35",,,"CINEK3-TMAI, CTMAT3, TAEEM1, TDTNM2, TMAKM1, TMAKM2, TTMAM1, TTMAM1-OPST, TTMAM2, TTMAM2-OPST"
2024-01-09,08:00,2024-01-09,13:00,Tentamen,,SF2957,"Q21, Q22, Q26",,,"TTMAM2, TTMAM2-DAVE"
2024-01-09,08:00,2024-01-09,13:00,Tentamen,,SH2706,"FB51, FD41",,Weimin Ma,"TIETM1-NUEY, TNEEM1"
2024-01-09,08:00,2024-01-09,12:00,Tentamen,,"HF0022, TB0012","T3 (Meitnersalen), T4 (Curiesalen), T53 (Hertzsalen), T54 (Elmqvistsalen), T55 (Brånemarksalen)",TENA,"Joakim Dahlfors, Jonas Stenholm, Staffan Linnaeus","TBASA-1F, TBASA-1G, TBASA-1I"
2024-01-09,08:00,2024-01-09,22:00,Tentamen,,8XFUNKA,"B21, B22, B23, B24, B25, B26, D36 (Gamla styrelserummet), D4448, Merry, Pippin",,,
2024-01-09,08:00,2024-01-09,13:00,Tentamen,,,FA32,,,
2024-01-09,08:00,2024-01-09,14:00,Tentamen,,,T67,FUNKA,"Joanna Selington, Staffan Linnaeus",
2024-01-09,09:00,2024-01-09,17:00,Tentamen,AG2806 Helklass,"AG2806, AG2806",,Hemtenta,,"TCAEM2, THSSM1, TIETM2-SMCS"
2024-01-09,09:00,2024-01-09,13:00,Tentamen,AI2153 Helklass,AI2153,Digital,,,TFOBM2
2024-01-09,09:00,2024-01-09,13:00,Tentamen,MG1024 Helklass,MG1024,"Baltzar, Butter, Kloker, Prosit, Toker, Trötter",,Daniel Tesfamariam Semere,"CDEPR3-FOR, CDEPR3-INE, CDEPR3-IPDC, CDEPR3-IPDE, CDEPR3-IPUB, CDEPR3-MRS, CDEPR3-PRM, CDEPR3-TEMA, CDEPR3-TEMB, CDEPR3-TEMC, CMAST3-AEE, CMAST3-FOR, CMAST3-INE, CMAST3-IPDE, CMAST3-IPUB, CMAST3-IPUC, CMAST3-MRS, CMAST3-MTH, CMAST3-NEE, CMAST3-PRM, CMAST3-SUE, CMAST3-SUT, CMAST3-TEMA, CMAST3-TEMB, CMAST3-TEMC, CMATD3-PRM"
2024-01-09,09:00,2024-01-09,14:00,Tentamen,MH1027 Helklass,MH1027,M1,Digital tentamen med tablets,Mikael Ersson,CMATD2
2024-01-09,09:00,2024-01-09,13:00,Tentamen,,ML2305,"C45, C46",TEN1,Magnus Wiktorsson,TITHM1
2024-01-09,13:00,2024-01-09,14:00,Tentadag,,,,,,
2024-01-09,14:00,2024-01-09,18:00,Tentamen,AF1006 Helklass,AF1006,"W25, W42, W43",,,"CSAMH3-BBP, CSAMH3-MHI"
2024-01-09,14:00,2024-01-09,18:00,Tentamen,MJ2414 Helklass,MJ2414,V34,,"Massimo Santarelli, Peter Hagström",TMESM1
2024-01-09,14:00,2024-01-09,18:00,Tentamen,SG1140 Helklass,SG1140,"M23, M24, M31, M32, M33, M35, M36, M37, M38, V11",,Michael Liverts,"CMAST2, CMAST2-INTF, CMAST2-INTS, CMAST2-INTT, CMATD3-MRS"
2024-01-09,14:00,2024-01-09,18:00,Tentamen,,CB2030,"FB51, FB53, FB55",,Lukas Käll,"TIMBM2-CBPB, TIMBM2-ENBT, TIMBM2-ENZB, TMBIM2-MABT, TMBIM2-OMIC, TMTLM2"
2024-01-09,14:00,2024-01-09,18:00,Tentamen,,EP2500,"D33, D34, D35, D41, D42",,,"TCOMM2-ITE, TCOMM2-SMK, TCOMM2-TRN, TCYSM1, TCYSM2, TEBSM1-INMV, TEBSM1-INPF, TINNM1, TINNM1-NWS, TINNM2, TIVNM2-CLNI, TIVNM2-CLNS"
2024-01-09,14:00,2024-01-09,16:00,Tentamen,,IK2560,"Ka-204, Ka-208, Ka-303",,Emil Björnson,"TCOMM1, TIVNM2-HCID, TIVNM2-HCIN"
2024-01-09,14:00,2024-01-09,19:00,Tentamen,,KD2350,"E31, E33",,Mark Rutland,"CLGYM5-MAKE, TMMMM1, TMVTM1"
2024-01-09,14:00,2024-01-09,18:00,Tentamen,,ME1314,"Butter, Kloker, Prosit, Toker, Trötter, XQ23, XQ25, XQ32, XW343",,Bo Karlsson,CINEK1
2024-01-09,14:00,2024-01-09,19:00,Tentamen,,ML1018,"C1 (Casesal), C33, C37, C38",,Oswald Fogelklou,CITEH2
2024-01-09,14:00,2024-01-09,19:00,Tentamen,,SG1218,"E34, E35, E36, E51, E52, E53",,Shervin Bagheri,"CTFYS3, CTMAT3, TTEMM1-TEMA"
2024-01-09,14:00,2024-01-09,17:00,Tentamen,,SK2775,"FB52, FD41",,"Abdusalam Uheida, Joydeep Dutta","TNTEM2-NTEA, TTFYM2-TFYA, TTFYM2-TFYB, TTFYM2-TFYE, TTFYM2-TFYF, TTFYM2-TFYG"
2024-01-09,14:00,2024-01-09,19:00,Tentamen,,KD2170,,,Eva Blomberg,
2024-01-10,08:00,2024-01-10,12:00,Tentamen,AF2610 Helklass,AF2610,"D41, D42",,,TCAEM2
2024-01-10,08:00,2024-01-10,12:00,Tentamen,AF2901 Helklass,AF2901,"M23, M24",,,"TCAEM1, TFORM1, TFORM2"
2024-01-10,08:00,2024-01-10,16:00,Tentamen,AG2142 Helklass,AG2142,,Hemtenta,,TMHIM1
2024-01-10,08:00,2024-01-10,12:00,Tentamen,AH2178 Helklass,AH2178,"B1, B3",,,TTGTM2
2024-01-10,08:00,2024-01-10,12:00,Tentamen,AI1171 Helklass,AI1171,"M1, M2",,Anna Broback,"TFAFK3, TFOFK3"
2024-01-10,08:00,2024-01-10,12:00,Tentamen,ME2053 Helklass,ME2053,"D33, E1, E2, E31, E34",,Luca Urciuoli,"TPRMM1, TTMIM2"
2024-01-10,08:00,2024-01-10,12:00,Tentamen,MH1004 Helklass,MH1004,"M31, M32, M33, M35, M36, M37, M38",,Anders Eliasson,"CMAST3, CMAST3-AEE, CMAST3-FOR, CMAST3-INE, CMAST3-IPDE, CMAST3-IPUB, CMAST3-IPUC, CMAST3-MRS, CMAST3-MTH, CMAST3-NEE, CMAST3-PRM, CMAST3-SUE, CMAST3-SUT, CMAST3-TEMA, CMAST3-TEMB, CMAST3-TEMC"
2024-01-10,08:00,2024-01-10,12:00,Tentamen,MH2052 Helklass,MH2052,"E52, E53",,"Joakim Odqvist, Malin Selleby","TTMVM1-IMTA, TTMVM1-MDNA, TTMVM1-SUMA"
2024-01-10,08:00,2024-01-10,13:00,Tentamen,,AF1758,"U1, U61, W25, W37, W38, W42, W43",,Thomas Johansson,"TIBYH2-A, TIBYH2-B"
2024-01-10,08:00,2024-01-10,13:00,Tentamen,,AH2029,"V1, V2",,,"TIELA3, TITEH3-TIEL"
2024-01-10,08:00,2024-01-10,12:00,Tentamen,,CK2300,Q1,,,"TKEMM1, TMVTM2"
2024-01-10,08:00,2024-01-10,13:00,Tentamen,,EQ2330,"E33, E51",,,"TEBSM1-INPF, TIMTM1, TIMTM2, TINNM1, TINNM1-MMB, TINNM2, TIVNM2-VCCN"
2024-01-10,08:00,2024-01-10,12:00,Tentamen,,HF1006,"T3 (Meitnersalen), T4 (Curiesalen), T55 (Brånemarksalen), T63 (Theorellsalen)",TEN2,"Joakim Dahlfors, Maria Shamoun","TIDAA1, TIELA1, TIMEL1, TITEH1-METL, TITEH1-TIDA, TITEH1-TIEL"
2024-01-10,08:00,2024-01-10,12:00,Tentamen,,ID2209,"Ka-208, Ka-308",,,"TIDAB3-DPU2, TIDAB3-SAIN, TITEH3-TIDB, TIVNM1-AUSM, TIVNM1-AUSY, TIVNM1-HCID, TIVNM1-HCIN, TIVNM2-AUSM, TIVNM2-AUSY, TIVNM2-CLNI, TIVNM2-CLNS, TSEDM1"
2024-01-10,08:00,2024-01-10,12:00,Tentamen,,ID2214,"Ka-204, Ka-205, Ka-301",,Henrik Boström,"TIDAB3-DPU2, TIDAB3-SAIN, TIMTM1, TIMTM2, TITEH3-TIDB, TIVNM1-DASC, TIVNM1-DASE, TSEDM2-DASC, TSEDM2-PVT"
2024-01-10,08:00,2024-01-10,13:00,Tentamen,,IH2653,D1,,Gunnar Malm,"TEBSM1-INEL, TEBSM1-INPF, TEBSM2-INEL, TNTEM2-NTEB"
2024-01-10,08:00,2024-01-10,13:00,Tentamen,,KH1324,"E35, E36",,Susanna Höglund Lenninger,"TIKED3, TITEH3-TIKE"
2024-01-10,08:00,2024-01-10,12:00,Tentamen,,ML0025,"C36, C41",TENB,Oswald Fogelklou,"TBASE1, TBTMS1"
2024-01-10,08:00,2024-01-10,13:00,Tentamen,,"SF1910, SF1911, SF1917","Q11, Q13, Q15, Q17, Q21, Q22, Q24, Q26, Q31, Q33, Q34, Q36, V32, V34, V35",,,"CBIOT3, CENMI2, CLGYM3-MAFY, CSAMH2"
2024-01-10,08:00,2024-01-10,13:00,Tentamen,,"SF1918, SF1919, SF1925","K51, K53, U21, U31, U41, U51, V01, V11, V12, V21, V22, V23, V33",,,"CINEK2-DTOI, CINEK2-EHUI, CINEK2-PPUI, CINEK2-TMAI, CLGYM3-TEDA, CLGYM3-TEMI, CMETE2, CTMAT1"
2024-01-10,08:00,2024-01-10,13:00,Tentamen,,SF2832,"D32, D34, D35",,,"CLGYM4-MAKE, CLGYM4-TEMI, CLGYM4-TIKT, CLGYM5-MAFY, CLGYM5-MAKE, CLGYM5-TEMI, CTMAT3, TAEEM2-SYS, TDTNM2, TIEMM1-OSYT, TMAKM1, TMAKM2, TSCRM1, TSCRM1-LDCS, TSCRM2, TSCRM2-LDCS, TTMAM1, TTMAM1-OPST, TTMAM2, TTMAM2-OPST"
2024-01-10,08:00,2024-01-10,13:00,Tentamen,,SK1118,"FB42, FB52, FB53, FB54, FD41, FP41",,Max Yan,"CINTE2, TCOMK2, TIEDB3"
2024-01-10,08:00,2024-01-10,13:00,Tentamen,,SK2902,"FB51, FB55",,Saulius Marcinkevicius,"TEFRM2-PHS, TTFYM1-TFYF"
2024-01-10,08:00,2024-01-10,12:00,Tentamen,,"HF0025, TB0015","T2 (Jacobssonsalen), T53 (Hertzsalen), T54 (Elmqvistsalen), T61",TENB,"Staffan Linnaeus, Stefan Eriksson","TBASA-2D, TBASA-2E"
2024-01-10,08:00,2024-01-10,22:00,Tentamen,,8XFUNKA,"B21, B22, B23, B24, B25, B26, D36 (Gamla styrelserummet), D4448, Merry, Pippin",,,
2024-01-10,08:00,2024-01-10,13:00,Tentamen,,,"FA31, FA32, FP21, FP22",,,
2024-01-10,08:00,2024-01-10,14:00,Tentamen,,,T67,FUNKA,"Joanna Selington, Staffan Linnaeus",
2024-01-10,09:00,2024-01-10,17:00,Tentamen,AG2806 Helklass,"AG2806, AG2806",,Hemtenta,,"TCAEM2, THSSM1, TIETM2-SMCS"
2024-01-10,09:00,2024-01-10,13:00,Tentamen,,ML1203,"C30, C45, C46",TEN1,Jafar Mahmoudi,"TIMAS2, TITEH2-TIMA"
2024-01-10,13:00,2024-01-10,14:00,Tentadag,,,,,,
2024-01-10,14:00,2024-01-10,18:00,Tentamen,ID1200 Helklass,ID1200,"B1, B2, B3, D1, D2, D32, E1, E2, M37, M38",,Amir Hossein Payberah,"CDATE3, CLGYM4-TEDA, CLGYM5-TIKT, CTMAT3"
2024-01-10,14:00,2024-01-10,17:00,Tentamen,,EG2230,"U31, U41",,Mikael Amelin,TELPM1
2024-01-10,14:00,2024-01-10,18:00,Tentamen,,ID1206,"Ka-204, Ka-205, Ka-208, Ka-210, Ka-301, Ka-303, Ka-304, Ka-308, Ka-Sal A (Östen Mäkitalo)",,Amir Hossein Payberah,"CINTE3, TCOMK3, TIDAB3-DPU2, TIDAB3-SAIN, TIEDB3, TITEH3-TIDB"
2024-01-10,14:00,2024-01-10,18:00,Tentamen,,KF2110,"K51, K53",,,"TMMMM1, TMMMM1-POTE, TMMMM2-POTE"
2024-01-10,14:00,2024-01-10,16:00,Tentamen,,SD2307,Vehicle Engineering Lab,,Carlos Casanueva Perez,"TFORM1-FORB, TJVTM1"
2024-01-10,14:00,2024-01-10,17:00,Tentamen,,"SF1624, SF1624, SF1624, SF1624, SF1624, SF1624, SF1624","D33, D34, D35, D41, D42, E31, E33, E34, E35, E36, E51, E52, E53, V01, V11, V12, V21, V23, W37, W38",,,"CDATE1, CELTE1, CINEK1, CINTE1, CITEH1, CLGYM2-MAKE, CMATD1, CMEDT1, CMETE1, COPEN1, CSAMH1, CTKEM1"
2024-01-10,14:00,2024-01-10,19:00,Tentamen,,SF1681,"Q1, Q2, U21, U51, U61, W42, W43",,,"CTFYS2, CTMAT2"
2024-01-10,14:00,2024-01-10,17:00,Tentamen,,SF1684,W25,,,TCOMK1
2024-01-10,14:00,2024-01-10,17:00,Tentamen,,SF1694,"M23, M24, M31, M32, M33, M35, M36",,,CFATE1
2024-01-10,14:00,2024-01-10,19:00,Tentamen,,SH2372,"FB51, FB52",,Tommy Ohlsson,"TTFYM1-TFYA, TTFYM1-TFYB"
2024-01-10,14:00,2024-01-10,19:00,Tentamen,,SK2533,FB53,,Jerker Widengren,TTFYM1-TFYE
2024-01-11,08:00,2024-01-11,16:00,Tentamen,AG2142 Helklass,AG2142,,Hemtenta,,TMHIM1
2024-01-11,08:00,2024-01-11,12:00,Tentamen,AI1146 Helklass,AI1146,D1,,,CSAMH3-FEFJ
2024-01-11,08:00,2024-01-11,13:00,Tentamen,MJ1401 Helklass,MJ1401,"D32, D33, D34, D35, D41, D42, E31, E33",,Rahmatollah Khodabandeh,"CDEPR3-FOR, CDEPR3-INE, CDEPR3-IPDC, CDEPR3-IPDE, CDEPR3-IPUB, CDEPR3-MRS, CDEPR3-SUE, CDEPR3-TEMA, CDEPR3-TEMB, CDEPR3-TEMC, CENMI3-HSS, CENMI3-ITH, CENMI3-KEM, CENMI3-MES, CENMI3-MHI, CENMI3-RENE, CENMI3-SMCS, CENMI3-SUE, CENMI3-SUT, CFATE3, CINEK3-EHUI, CITEH3-SUE, CMAST3-AEE, CMAST3-FOR, CMAST3-INE, CMAST3-IPDE, CMAST3-IPUB, CMAST3-IPUC, CMAST3-MRS, CMAST3-MTH, CMAST3-NEE, CMAST3-PRM, CMAST3-SUE, CMAST3-SUT, CMAST3-TEMA, CMAST3-TEMB, CMAST3-TEMC"
2024-01-11,08:00,2024-01-11,12:00,Tentamen,MJ1508 Helklass,MJ1508,"Q26, Q31, Q33, Q36",,,"CENMI1, CLGYM2-TEMI"
2024-01-11,08:00,2024-01-11,13:00,Tentamen,,AF1744,"V01, V22, W25, W37, W38, W42, W43",,"Anders Kumlin, Gunilla Teofilusson","TIBYH1-A, TIBYH1-B, TIBYH1-C, TITEH1-TIBY"
2024-01-11,08:00,2024-01-11,12:00,Tentamen,,AF1750,"U31, U41, U51",,Åsa Laurell Lyne,"TBYPH2, TIBYH3-PROD"
2024-01-11,08:00,2024-01-11,12:00,Tentamen,,BB1160,"FB52, FB53, FB54",,Torbjörn Gräslund,"CBIOT1, TMBIM1"
2024-01-11,08:00,2024-01-11,12:00,Tentamen,,"CH2004, CH2004",T41 (Gullstrandsalen),,Jan-Anders Kipping,TTAHM1
2024-01-11,08:00,2024-01-11,11:00,Tentamen,,"CK202V, CK203V",F1 (Alfvénsalen),,Zoltan Szabo,
2024-01-11,08:00,2024-01-11,13:00,Tentamen,,EQ1270,"E35, E51, E52",,,CELTE3
2024-01-11,08:00,2024-01-11,13:00,Tentamen,,EQ2310,"Q21, Q22",,,"TEBSM1-INEL, TEBSM1-INPF, TINNM1, TIVNM2-VCCN, TSCRM1, TSCRM2"
2024-01-11,08:00,2024-01-11,13:00,Tentamen,,HE1030,"T53 (Hertzsalen), T54 (Elmqvistsalen), T55 (Brånemarksalen)",,Elias Said,"TIELA2, TIMEL2, TITEH2-METL, TITEH2-TIEL"
2024-01-11,08:00,2024-01-11,13:00,Tentamen,,HS1021,"E3, E34, E36, E53",,John Leander,TIBYH3-KONS
2024-01-11,08:00,2024-01-11,12:00,Tentamen,,"ID1018, ID1018","Ka-204, Ka-205, Ka-208, Ka-210, Ka-301, Ka-303, Ka-304, Ka-308, Ka-Sal A (Östen Mäkitalo), Ka-Sal B (Peter Weissglas), Ka-Sal C (Sven-Olof Öhrvik)",,,"CINTE1, TCOMK1, TIDAB1, TIEDB1, TITEH1-TIED"
2024-01-11,08:00,2024-01-11,14:00,Tentamen,,KD2320,F1 (Alfvénsalen),,Zoltan Szabo,"CLGYM4-MAKE, CLGYM5-MAKE, TMMMM1, TMVTM1"
2024-01-11,08:00,2024-01-11,14:00,Tentamen,,"KE1160, KE1160","M1, Q1",,,"CLGYM3-MAKE, CTKEM2"
2024-01-11,08:00,2024-01-11,13:00,Tentamen,,KF1165,"F2, K51, K53",,,"CTKEM3, TIKED3"
2024-01-11,08:00,2024-01-11,11:00,Tentamen,,KF2150,Rånbyrummet,,Eva Malmström Jonsson,"TMMMM2, TMMMM2-POTE"
2024-01-11,08:00,2024-01-11,12:00,Tentamen,,ME2097,"M23, M24, M32, M38",,Christian Thomann,
2024-01-11,08:00,2024-01-11,12:00,Tentamen,,MJ2659,"E1, E2",,,TSUTM1
2024-01-11,08:00,2024-01-11,13:00,Tentamen,,SD2222,"FB42, FB51, FB55",,Lars Drugge,TFORM1-FORA
2024-01-11,08:00,2024-01-11,13:00,Tentamen,,SF1811,"Q11, Q13, Q15, Q17, Q24, V32, V33, V34",,,"CENMI3-HSS, CENMI3-ITH, CENMI3-KEM, CENMI3-MES, CENMI3-MHI, CENMI3-RENE, CENMI3-SMCS, CENMI3-SUE, CENMI3-SUT, CITEH3, CTFYS3, CTMAT3, TCOMK3, TCSCM2-CSDA, TMAIM1, TMAIM2, TSCRM1, TSCRM2, TTMAM1, TTMAM2"
2024-01-11,08:00,2024-01-11,13:00,Tentamen,,SF2524,U21,,,"TDTNM1, TDTNM2, TTMAM1, TTMAM2, TTMAM2-COMA"
2024-01-11,08:00,2024-01-11,13:00,Tentamen,,SH2701,FD5,,,"TIETM1-NUEY, TNEEM1, TNEEM2"
2024-01-11,08:00,2024-01-11,13:00,Tentamen,,SK2537,,,Jerker Widengren,TTFYM2-TFYE
2024-01-11,08:00,2024-01-11,13:00,Tentamen,,SK2800,"FD41, FP41",,Fredrik Laurell,"TEFRM2-PHS, TTFYM1-TFYF, TTFYM2-TFYF"
2024-01-11,08:00,2024-01-11,22:00,Tentamen,,8XFUNKA,"B21, B22, B23, B24, B25, B26, D36 (Gamla styrelserummet), D4448, Merry, Pippin",,,
2024-01-11,08:00,2024-01-11,13:00,Tentamen,,,"FA31, FA32, FP21, FP22",,,
2024-01-11,09:00,2024-01-11,13:00,Tentamen,MF2084 Helklass,MF2084,"Butter, Glader, Kloker",,Johan Arekrans,TIPDM1-IPDE
2024-01-11,09:00,2024-01-11,13:00,Tentamen,MH2101 Helklass,MH2101,M122,,Christopher Hulme,"TTMVM2-IMTA, TTMVM2-MDNA"
2024-01-11,09:00,2024-01-11,11:00,Tentamen,,IV1351,"Ka-206, Ka-209, Ka-309",,Paris Carbone,"CINTE2, CINTE3, TIDAB2, TIEDB3"
2024-01-11,09:00,2024-01-11,13:00,Tentamen,,MJ2405,"Prosit, Toker, Trötter, XW343",,Miroslav Petrov,"TIEEM1, TIEMM1-HKPA, TIETM1-RENE, TMESM2, TSUEM1"
2024-01-11,09:00,2024-01-11,14:00,Tentamen,,ML1504,"C30, C45, C46",TEN1,Erik Flores Garcia,"CENMI3-HSS, CENMI3-ITH, CENMI3-KEM, CENMI3-MES, CENMI3-MHI, CENMI3-RENE, CENMI3-SMCS, CENMI3-SUE, CENMI3-SUT, CITEH2"
2024-01-11,13:00,2024-01-11,14:00,Tentadag,,,,,,
2024-01-11,14:00,2024-01-11,18:00,Tentamen,AI2135 Helklass,"AI2135, AI2135","W25, W37, W38",,,TFOBM1
2024-01-11,14:00,2024-01-11,16:00,Tentamen,MJ2507 Helklass,MJ2507,"Butter, Glader, Kloker, Nils, Prosit, Toker, Trötter",,Farzin Golzar,"TIEEM2, TIETM2-RENE, TSUEM2"
2024-01-11,14:00,2024-01-11,18:00,Tentamen,ML1000 Helklass,ML1000,"Black Box, C1 (Casesal), C33, C36, C37, C38, C41, C43, C44",TENB/TEN2,Joel Norman,"TIIPS1, TIMAS1, TITEH1-TIMA"
2024-01-11,14:00,2024-01-11,18:00,Tentamen,,AF1751,"W42, W43",,"Alicja Tykocka Ström, Zeev Bohbot",TIBYH3-ARFU
2024-01-11,14:00,2024-01-11,17:00,Tentamen,,IL2230,"Ka-204, Ka-205, Ka-206, Ka-209",,Wenyao Zhu,"TEBSM1-INEL, TEBSM1-INMV, TEBSM1-INPF, TEBSM1-INSR, TEBSM2-INEL, TEBSM2-INMV, TEBSM2-INSR, TIVNM2-INSM, TIVNM2-INSY"
2024-01-11,14:00,2024-01-11,18:00,Tentamen,,ME2710,D41,,Hans Lööf,TTBEM1
2024-01-11,14:00,2024-01-11,18:00,Tentamen,,SD2411,"V32, V33, V34, V35",,Stefan Hallström,"TAEEM1, TFORM1, TFORM2, TMRSM1"
2024-01-11,14:00,2024-01-11,19:00,Tentamen,,SH2772,FB52,,,"TIETM1-NUEY, TNEEM1, TNEEM2"
2024-01-11,14:00,2024-01-11,15:00,Tentamen,,,F1 (Alfvénsalen),Efterarbete,Zoltan Szabo,
2024-01-11,14:00,2024-01-11,15:00,Tentamen,,,"M1, Q1",Efterarbete,Eric Tyrode,
2024-01-11,15:00,2024-01-11,17:00,Tentamen,,CH106V,,,,
2024-01-12,08:00,2024-01-12,13:00,Tentamen,"AE1602 Helklass, AL1303 Helklass","AE1602, AL1303",M2,,Joakim Riml,"CENMI3-HSS, CENMI3-ITH, CENMI3-KEM, CENMI3-MES, CENMI3-MHI, CENMI3-RENE, CENMI3-SMCS, CENMI3-SUE, CENMI3-SUT, CSAMH3-MHI"
2024-01-12,08:00,2024-01-12,12:00,Tentamen,AE2801 Helklass,AE2801,Digital,,"Prosun Bhattacharya, Rajabu Hamisi Mohamed",TMHIM1
2024-01-12,08:00,2024-01-12,12:00,Tentamen,AF2507 Helklass,AF2507,"Q11, Q13, V12",,,"TCAEM1, TIETM2-SMCS"
2024-01-12,08:00,2024-01-12,12:00,Tentamen,AG2413 Helklass,AG2413,Q26,,,TTGTM1
2024-01-12,08:00,2024-01-12,12:00,Tentamen,AI1149 Helklass,AI1149,U61,,Huaan Fan,CSAMH3-GIT
2024-01-12,08:00,2024-01-12,13:00,Tentamen,BB2280 Helklass,BB2280,M24,,,"TCSCM2-CSSC, TDTNM2, TMVTM2"
2024-01-12,08:00,2024-01-12,12:00,Tentamen,HM1025 Helklass,HM1025,"M35, M36, M37, M38",,Linda Rose,"CDEPR3-FOR, CDEPR3-INE, CDEPR3-IPDC, CDEPR3-IPDE, CDEPR3-IPUB, CDEPR3-MRS, CDEPR3-TEMA, CDEPR3-TEMB, CDEPR3-TEMC"
2024-01-12,08:00,2024-01-12,14:00,Tentamen,KH1231 Helklass,KH1231,Q1,TEN2,Sara Thyberg Naumann,"TIKED2, TITEH2-TIKE"
2024-01-12,08:00,2024-01-12,13:00,Tentamen,SE2132 Helklass,SE2132,D1,,Christian Gasser,"CDEPR4-INE, CMAST4-INE, CMAST4-MTH, CMAST4-SUT, TTEMM1, TTEMM1-TEMB, TTEMM2, TTEMM2-TEMA, TTEMM2-TEMC"
2024-01-12,08:00,2024-01-12,13:00,Tentamen,,"EI1220, EI1228","W37, W38, W42, W43",,Lars Jonsson,"CELTE2, CENMI3-ELP, CENMI3-HSS, CENMI3-ITH, CENMI3-KEM, CENMI3-MES, CENMI3-MHI, CENMI3-RENE, CENMI3-SENS, CENMI3-SMCS, CENMI3-SUE, CENMI3-SUT, CLGYM4-MAFY"
2024-01-12,08:00,2024-01-12,13:00,Tentamen,,EI2402,"5V1Grå (Grå), 5V2Kar (Karmosin)",,Daniel Månsson,"TEFRM2-MIC, TEFRM2-SPA, TELPM2"
2024-01-12,08:00,2024-01-12,12:00,Tentamen,,HE1200,"T55 (Brånemarksalen), T63 (Theorellsalen)",TENA,Elias Said,CMEDT1
2024-01-12,08:00,2024-01-12,12:00,Tentamen,,IE1204,"Ka-204, Ka-210, Ka-303, Ka-304, Ka-308",,,"TIDAB1, TIEDB1, TITEH1-TIED"
2024-01-12,08:00,2024-01-12,12:00,Tentamen,,IE1205,"M23, M31, M32, M33",,,CELTE1
2024-01-12,08:00,2024-01-12,14:00,Tentamen,,"CE2385, KD2390",E3,,,TMVTM2
2024-01-12,08:00,2024-01-12,12:00,Tentamen,,KF2130,M1,,,"TMMMM1, TMMMM1-POTE, TMVTM2"
2024-01-12,08:00,2024-01-12,12:00,Tentamen,,KH0021,"K51, K53, V21, V22, V23, V32, V33, V34, V35",TENB:1,"Bengt-Erik Andersson, Hanna Magnholt Ohlman, Katarina Ståhl Kaltea, Rose Marie Hammar, Stephan Persson",TBASD1
2024-01-12,08:00,2024-01-12,12:00,Tentamen,,ME2322,"D2, D3, D35, D41, D42, E31, W25",,Andreas Feldmann,"TIEMM1-CYPS, TIEMM1-EEAA, TIEMM1-FMIB, TIEMM1-HKPA, TIEMM1-IAVN, TIEMM1-MAIG, TIEMM1-MOPR, TIEMM1-OSYT, TIEMM1-PUET"
2024-01-12,08:00,2024-01-12,12:00,Tentamen,,ML0021,"Black Box, C33, C41",TENB,Monica Kemvall,TBASE1
2024-01-12,08:00,2024-01-12,12:00,Tentamen,,ML1501,C36,TEN1,Johan Kristoffersson,"CENMI3-HSS, CENMI3-ITH, CENMI3-KEM, CENMI3-MES, CENMI3-MHI, CENMI3-RENE, CENMI3-SMCS, CENMI3-SUE, CENMI3-SUT, CITEH1"
2024-01-12,08:00,2024-01-12,12:00,Tentamen,,ML2301,,TEN1,Zuhara Zemke Chavez,TITHM1
2024-01-12,08:00,2024-01-12,11:00,Tentamen,,SF1672,"Q15, Q17, Q21, Q22, Q24, Q33, Q34, Q36",,,"CLGYM2-MAFY, CTFYS1, CTMAT1"
2024-01-12,08:00,2024-01-12,12:00,Tentamen,,SF1683,"E33, E34, E35, E36, E51, E52, E53",,,"CLGYM3-MAFY, CMEDT2, CTFYS2"
2024-01-12,08:00,2024-01-12,13:00,Tentamen,,SF2520,"U21, U31, U41, U51",,,"CLGYM4-TIKT, CTFYS3, CTMAT3, TDTNM1, TTMAM1"
2024-01-12,08:00,2024-01-12,13:00,Tentamen,,SF2741,"V01, V11",,,"TCSCM1-CSTC, TCSCM2-CSTC, TMAKM1"
2024-01-12,08:00,2024-01-12,13:00,Tentamen,,SK1115,"FB42, FB51, FB52, FB53, FB54, FB55, FD41, FD5",,Mats Ahmadi Götelid,COPEN1
2024-01-12,08:00,2024-01-12,12:00,Tentamen,,"HF0021, TB0011","T2 (Jacobssonsalen), T3 (Meitnersalen), T4 (Curiesalen), T53 (Hertzsalen), T54 (Elmqvistsalen)",TENB,"Jonas Stenholm, Niclas Hjelm, Svante Granqvist","TBASA-1F, TBASA-1G, TBASA-1I"
2024-01-12,08:00,2024-01-12,22:00,Tentamen,,8XFUNKA,"B21, B22, B23, B24, B25, B26, D36 (Gamla styrelserummet), D4448, Merry, Pippin",,,
2024-01-12,08:00,2024-01-12,13:00,Tentamen,,,"FA31, FA32, FP21",,,
2024-01-12,08:00,2024-01-12,14:00,Tentamen,,,T67,FUNKA,"Joanna Selington, Niclas Hjelm",
2024-01-12,09:00,2024-01-12,13:00,Tentamen,AI1175 Helklass,AI1175,Digital,,,"TFAFK1, TFOFK1"
2024-01-12,09:00,2024-01-12,13:00,Tentamen,MG2130 Helklass,MG2130,"Butter, Glader, Kloker, Prosit, Toker, Trötter",,,"CDEPR4-INE, CMAST4-INE, CMAST4-MTH, CMAST4-SUT, TPRMM1"
2024-01-12,09:00,2024-01-12,17:00,Tentamen,,CH202V,Digital,"Hemtentamen,12-14 januari",Lena Andersson,
2024-01-12,09:00,2024-01-12,13:00,Tentamen,,"AF2023, AK2030, AK2036, DA2205, FAK3014, FAK3024, FAK3137, FAK3137","E2, F1 (Alfvénsalen), F2, H1, K1, M3, Q2, Q31, V1, V2, V3, XQ23, XQ25, XQ32, XW343, XW344, XW50",,,"TCAEM2, TCYSM1, TCYSM2, TFORM2-FORA, TFORM2-FORB, TMAIM1, TMRSM2-MRSA, TMRSM2-MRSB, TMRSM2-MRSD"
2024-01-12,09:00,2024-01-12,13:00,Tentamen,,ML1204,C45,"TEN2,Tid och grupp meddelas senare",Kenneth Duvefelt,TIIPS2
2024-01-12,09:00,2024-01-12,13:00,Tentamen,,ML1206,"C30, C46","TEN1,Tid och grupp meddelas senare",Kenneth Duvefelt,"TIMAS2, TITEH2-TIMA"
2024-01-12,09:00,2024-01-12,11:00,Tentamen,,Kurs I: Omvårdnad och hälsa,"T1 (Emmy Rappesalen), T5, T51 (Henri Dunantsalen), T52 (Jean Pictetsalen), T6",HK-23. Gäller även tidigare terminer.,Gabriella Ahlenius,
2024-01-12,10:00,2024-01-12,11:30,Tentamen,,Kurs IV: Vetenskap och hälsoarbete,,"DISTANSTENTAMEN I CANVAS,OBS! Ej anmälan i Ladok.",Maria Christidis,
2024-01-12,12:00,2024-01-12,16:00,Tentamen,AG2142 Helklass,AG2142,,Hemtenta,,TMHIM1
2024-01-12,13:00,2024-01-12,15:00,Tentamen,,Kurs II: Vetenskap och vårdande,"T1 (Emmy Rappesalen), T51 (Henri Dunantsalen), T52 (Jean Pictetsalen)",VK-23 gr A-C. Gäller även tidigare terminer.,Petter Tinghög,
2024-01-12,13:00,2024-01-12,15:00,Tentamen,,Kurs IV: Vetenskap och hälsoarbete,"T5, T6",VK-22 gr D. Gäller även tidigare terminer.,Gabriella Ahlenius,
2024-01-12,13:00,2024-01-12,14:00,Tentadag,,,,,,
2024-01-12,13:00,2024-01-12,14:00,Tentadag,,,,,,
2024-01-12,14:00,2024-01-12,17:00,Tentamen,,BB1200,"Glader, Kloker, Prosit, Toker","TEN1, del A",John Löfblom,CBIOT2
2024-01-12,14:00,2024-01-12,18:00,Tentamen,,BB2255,"FA31, FD5, FR4 (Oskar Kleins auditorium)",,Afshin Ahmadian,"TIMBM1-CBPB, TIMBM1-ENBT, TIMBM1-ENZT, TMBIM1, TTFYM2-TFYE"
2024-01-12,14:00,2024-01-12,19:00,Tentamen,,"FID3016, ID2222","Ka-204, Ka-206, Ka-208, Ka-209, Ka-210, Ka-301, Ka-303, Ka-304, Ka-308, Ka-309",,Sarunas Girdzijauskas,"TIEMM1-MAIG, TIVNM2-CLNI, TIVNM2-CLNS, TIVNM2-DASC, TIVNM2-DASE, TMAIM1, TMAIM2, TSEDM1-DASC, TSEDM1-PVT"
2024-01-12,14:00,2024-01-12,18:00,Tentamen,,ML1204,C45,"TEN2,Tid och grupp meddelas senare",Kenneth Duvefelt,TIIPS2
2024-01-12,14:00,2024-01-12,18:00,Tentamen,,ML1206,"C30, C46","TEN1,Tid och grupp meddelas senare",Kenneth Duvefelt,"TIMAS2, TITEH2-TIMA"
2024-01-12,14:00,2024-01-12,17:00,Tentamen,,"SF1522, SF1545","Q15, Q17, Q21, Q22, Q24, Q26, Q31, Q33, Q34, Q36, V34, V35",,,"CDEPR1, CINEK2-DTOI, CINEK2-EHUI, CINEK2-PPUI, CINEK2-TMAI"
2024-01-12,14:00,2024-01-12,15:00,Tentamen,,,E3,Efterarbete,Helena Lundberg Ankner,
2024-01-12,14:00,2024-01-12,15:00,Tentamen,,,Q1,,Sara Thyberg Naumann,
2024-01-13,08:00,2024-01-13,17:00,Tentamen,,CM1000,Digital,,Johnny Panrike,"TIDAA2, TITEH2-TIDA"
2024-01-13,08:00,2024-01-13,18:00,Tentamen,,8XFUNKA,"B21, B22, B23, B24, B25, B26, D36 (Gamla styrelserummet), D4448, Merry, Pippin",,,
2024-01-13,08:00,2024-01-13,09:00,Tentadag,,,,,,
2024-01-13,09:00,2024-01-13,14:00,Tentamen,EL1010 Helklass,EL1010,"U61, V01, V11, V12, V21, W25, W37, W38, W42, W43",,,"CDEPR3-AEE, CDEPR3-FOR, CDEPR3-IPDE, CDEPR3-IPUB, CDEPR3-IPUC, CDEPR3-MRS, CDEPR3-TEMA, CDEPR3-TEMB, CDEPR3-TEMC, CFATE3, CINEK3-PPUI, CMAST3-AEE, CMAST3-FOR, CMAST3-INE, CMAST3-IPDE, CMAST3-IPUB, CMAST3-IPUC, CMAST3-MRS, CMAST3-MTH, CMAST3-NEE, CMAST3-PRM, CMAST3-SUE, CMAST3-SUT, CMAST3-TEMA, CMAST3-TEMB, CMAST3-TEMC, CMEDT3, TIVNM1-AUSM, TIVNM1-AUSY, TSCRM1"
2024-01-13,09:00,2024-01-13,14:00,Tentamen,"SE1010 Helklass, SE1010 Helklass","SE1010, SE1010","Q11, Q13, Q15, Q17, Q21, Q22, Q24, Q26, Q31, Q33, Q34, Q36",,"Carl Dahlberg, Sören Östlund","CFATE2, CMAST2, CMAST2-INTF, CMAST2-INTS, CMAST2-INTT, CTMAT3"
2024-01-13,09:00,2024-01-13,14:00,Tentamen,"SE1020 Helklass, SE1020 Helklass","SE1020, SE1020","V22, V23, V32, V33, V34, V35",,Jonas Neumeister,"CDEPR2, CTMAT3"
2024-01-13,09:00,2024-01-13,14:00,Tentamen,,CK2020,K53,,James Gardner,TMVTM2
2024-01-13,09:00,2024-01-13,14:00,Tentamen,,EQ2300,"U21, U31",,,"TEBSM1-INPF, TINNM1, TINNM1-COE, TINNM1-INF, TINNM1-MMB, TINNM2, TIVNM2-VCCN, TSCRM1-LDCS, TSCRM1-RASM, TSCRM2-LDCS, TSCRM2-RASM"
2024-01-13,09:00,2024-01-13,13:00,Tentamen,,"KE1140, KE1150","E31, E51, E52, E53, K51",TEN4,,"CLGYM2-MAKE, CTKEM1"
2024-01-13,09:00,2024-01-13,13:00,Tentamen,,ME1308,"M23, M24, M31, M32, M33, M35, M36, M37, M38",,Jannis Angelis,"CINEK2-DTOI, CINEK2-EHUI, CINEK2-PPUI, CINEK2-TMAI"
2024-01-13,10:00,2024-01-13,15:00,Tentamen,,,"FA31, FA32",FK2010,,
2024-01-13,14:00,2024-01-13,19:00,Tentadag,,,,,,
2024-01-15,08:00,2024-01-15,11:00,Tentamen,AF2023 Helklass,AF2023,"K51, K53, V1, V2, V3",Ten B,,TCAEM2
2024-01-15,08:00,2024-01-15,12:00,Tentamen,AH2171 Helklass,AH2171,Q36,,,"TFORM1, TFORM2, TTGTM1"
2024-01-15,08:00,2024-01-15,12:00,Tentamen,AH2307 Helklass,AH2307,"M102, M122",,,"TFORM1, TFORM2, TTGTM1, TTMIM1"
2024-01-15,08:00,2024-01-15,13:00,Tentamen,AI1512 Helklass,AI1512,D1,,,TFOFK2
2024-01-15,08:00,2024-01-15,12:00,Tentamen,"AI1518 Helklass, AI1519 Helklass","AI1518, AI1519","V12, V21, V22, V23, V32, V33",,Eva Liedholm Johnson,"CSAMH3-FEFJ, CSAMH3-STP, TFAFK2, TFOFK3"
2024-01-15,08:00,2024-01-15,12:00,Tentamen,AI1522 Helklass,AI1522,B2,,,TFAFK3
2024-01-15,08:00,2024-01-15,13:00,Tentamen,AI2507 Helklass,AI2507,Digital,,Peter Ekbäck,TFOBM1
2024-01-15,08:00,2024-01-15,12:00,Tentamen,EP2780 Helklass,EP2780,M2,,,"TCYSM1, TCYSM2"
2024-01-15,08:00,2024-01-15,13:00,Tentamen,IS1500 Helklass,IS1500,"Ka-204, Ka-205, Ka-208, Ka-210, Ka-211, Ka-301, Ka-303, Ka-304, Ka-308, Ka-Sal A (Östen Mäkitalo), Ka-Sal B (Peter Weissglas), Ka-Sal C (Sven-Olof Öhrvik)",,,"CDATE2, CLGYM2-TEDA, CTMAT3"
2024-01-15,08:00,2024-01-15,13:00,Tentamen,KH1124 Helklass,KH1124,"E1, E2",,Andra Dédinaité,"TIKED1, TITEH1-TIKE"
2024-01-15,08:00,2024-01-15,13:00,Tentamen,SD1116 Helklass,SD1116,"M31, M32, M33, M35, M36, M37",,Ulf Carlsson,"CDEPR2, CMAST3-AEE, CMAST3-FOR, CMAST3-INE, CMAST3-IPDE, CMAST3-IPUB, CMAST3-IPUC, CMAST3-MRS, CMAST3-MTH, CMAST3-NEE, CMAST3-PRM, CMAST3-SUE, CMAST3-SUT, CMAST3-TEMA, CMAST3-TEMB, CMAST3-TEMC, TTEMM1-TEMC"
2024-01-15,08:00,2024-01-15,12:00,Tentamen,,AF1734,"V34, V35, W25, W37, W38, W42, W43",,"Jean-Marc Battini, Nour Khalil","TIBYH1-A, TIBYH1-B, TIBYH1-C, TITEH1-TIBY"
2024-01-15,08:00,2024-01-15,12:00,Tentamen,,AF1747,"M23, M24, M38, Q1, Q11, Q13, Q15, Q17, Q21, Q24",,"Ali Alavizadeh Farhang, Gürsel Hakan Taylan, Johan Silfwerbrand","TIBYH2-A, TIBYH2-B, TITEH2-TIBY"
2024-01-15,08:00,2024-01-15,12:00,Tentamen,,CB2090,Digital,,Veronique Chotteau,"TIMBM2-CBPB, TIMBM2-ENBT, TIMBM2-ENZT, TMBIM2-MABT, TMBIM2-OMIC, TMTLM2"
2024-01-15,08:00,2024-01-15,12:00,Tentamen,,CH2014,T3 (Meitnersalen),,Ann-Beth Antonsson Lundberg,TTAHM1
2024-01-15,08:00,2024-01-15,17:00,Tentamen,,CM1000,Digital,,Johnny Panrike,"TIDAA2, TITEH2-TIDA"
2024-01-15,08:00,2024-01-15,12:00,Tentamen,,DD1418,"D32, E31, E33, E34, V01, V11",,Johan Boye,"CINEK3-DTOI, CINEK3-TMAI, CLGYM4-TEDA, CLGYM5-TIKT"
2024-01-15,08:00,2024-01-15,13:00,Tentamen,,EI2439,Q2,,Nathaniel Taylor,TELPM2
2024-01-15,08:00,2024-01-15,13:00,Tentamen,,EK1191,"U31, U41, U51",,Kristinn Gylfason,CELTE3
2024-01-15,08:00,2024-01-15,12:00,Tentamen,,HF0024,"T53 (Hertzsalen), T54 (Elmqvistsalen), T55 (Brånemarksalen), T63 (Theorellsalen)",TENB,"Maria Shamoun, Niclas Hjelm","TBASA-2D, TBASA-2E"
2024-01-15,08:00,2024-01-15,12:00,Tentamen,,HN2024,T4 (Curiesalen),,"Catherine Trask, Jörgen Eklund",TTAHM2
2024-01-15,08:00,2024-01-15,13:00,Tentamen,,MJ2509,"Q22, Q26, Q31, Q33, Q34, U1",,Joachim Claesson,"TIEEM1, TIEMM1-EEAA, TIETM1-RENE, TSUEM1"
2024-01-15,08:00,2024-01-15,12:00,Tentamen,,ML0024,"C33, C37, C38","TENB,Bonusexamination",Joel Norman,"TBASE1, TBTMS1"
2024-01-15,08:00,2024-01-15,13:00,Tentamen,,SF2740,"D33, D41, D42",,,"TCSCM1-CSTC, TCSCM2-CSTC, TMAKM1, TMAKM2"
2024-01-15,08:00,2024-01-15,13:00,Tentamen,,SF2743,"D34, D35",,,"TMAKM1, TMAKM2"
2024-01-15,08:00,2024-01-15,13:00,Tentamen,,SF2980,"E35, E36, E51, E52, E53",,,"TDTNM2, TIEMM1-FMIB, TMAKM1, TMAKM2, TTMAM1, TTMAM2, TTMAM2-FMIA"
2024-01-15,08:00,2024-01-15,12:00,Tentamen,,SK2905,,"Muntlig tentamen,Egen sal.",Magnus Andersson,"TTFYM1-TFYG, TTFYM2-TFYG"
2024-01-15,08:00,2024-01-15,22:00,Tentamen,,8XFUNKA,"B21, B22, B23, B24, B25, B26, D36 (Gamla styrelserummet), D4448, Merry, Pippin",,,
2024-01-15,08:00,2024-01-15,14:00,Tentamen,,,T67,FUNKA,"Joanna Selington, Niclas Hjelm",
2024-01-15,09:00,2024-01-15,13:00,Tentamen,MF2018 Helklass,MF2018,"Butter, Trötter",,,TIPUM1-IPUB
2024-01-15,09:00,2024-01-15,12:00,Tentamen,,BB1200,"Glader, Kloker, Prosit, Toker","TEN1, del B",John Löfblom,CBIOT2
2024-01-15,10:00,2024-01-15,12:00,Tentamen,AF1402 Helklass,AF1402,"XW343, XW344",Del 1,,CSAMH3-BBP
2024-01-15,13:00,2024-01-15,14:00,Tentadag,,,,,,
2024-01-15,14:00,2024-01-15,17:00,Tentamen,AF1402 Helklass,AF1402,"W25, W42, W43",Del 2,,CSAMH3-BBP
2024-01-15,14:00,2024-01-15,18:00,Tentamen,AG2927 Helklass,"AG2927, AG2927",,Kursen inställd,,
2024-01-15,14:00,2024-01-15,18:00,Tentamen,AK2055 Helklass,AK2055,"V11, V21",,Jesper Jerkert,"CLGYM5-MAFY, CLGYM5-MAKE, CLGYM5-TEMI, CLGYM5-TIKT"
2024-01-15,14:00,2024-01-15,16:00,Tentamen,DH1622 Helklass,DH1622,"Q24, Q31, Q33, Q34, Q36",Även omtentatillfälle för IC1007 och DH1623.,,"CINTE2, CINTE3, CMETE2, TCOMK3, TIDAB2, TIDAB3-DPU2, TIDAB3-SAIN, TITEH2-TIDA, TIVNM1-HCID, TIVNM1-HCIN"
2024-01-15,14:00,2024-01-15,18:00,Tentamen,MF2007 Helklass,MF2007,"M31, M32, M33, M35",,,"TEBSM1-INSR, TFORM1, TIEMM1-CYPS, TIPUM1-IPUC, TSCRM1, TSCRM1-RASM, TSCRM2, TSCRM2-RASM"
2024-01-15,14:00,2024-01-15,19:00,Tentamen,,EI1320,"V22, V23, V33, V35",TEN2,Martin Norgren,CTFYS3
2024-01-15,14:00,2024-01-15,18:00,Tentamen,,HE1026,"T3 (Meitnersalen), T4 (Curiesalen), T53 (Hertzsalen), T54 (Elmqvistsalen), T55 (Brånemarksalen), T63 (Theorellsalen), T67",,Mats Nilsson,"TIDAA1, TIELA1, TIMEL1, TITEH1-METL, TITEH1-TIDA, TITEH1-TIEL"
2024-01-15,14:00,2024-01-15,18:00,Tentamen,,KD1500,"V32, V34","TEN1, extra tillfälle",Mårten Ahlquist,CBIOT3
2024-01-15,14:00,2024-01-15,17:00,Tentamen,,MJ2524,"Butter, Glader, Prosit",,,TAEEM2-FLT
2024-01-15,14:00,2024-01-15,17:00,Tentamen,,SF1668,"E34, E35, E36, E51, E52, E53",,"Christina Marianne Carlsund Levin, Klaus Kröncke",CFATE1
2024-01-15,14:00,2024-01-15,19:00,Tentamen,,SI2371,"FD41, FP22",,Jack Lidmar,"TTFYM1-TFYA, TTFYM1-TFYB"
2024-01-15,14:00,2024-01-15,17:00,Tentamen,,SK1104,"FA32, FB51, FB52, FB53, FB54, FB55","14:00-16:30,TENV. Tentamenstiden är 2,5 timmar.",Magnus Andersson,"CLGYM2-MAFY, CTFYS1"
2024-01-15,14:00,2024-01-15,17:00,Tentamen,,"SK2500, SK2501",Digital,,"Anna Burvall, Ilaria Testa","TTFYM1-TFYE, TTFYM1-TFYF, TTFYM2-TFYE, TTFYM2-TFYF"
